actor_award_id,actor_id,movie_id,year_ceremony,ceremony,category,name_nominee,film_title
275,20628,3448,2001,73,ACTOR IN A LEADING ROLE,Russell Crowe,Gladiator
276,2662,10414,2001,73,ACTOR IN A SUPPORTING ROLE,Benicio Del Toro,Traffic
277,12448,2815,2001,73,ACTRESS IN A LEADING ROLE,Julia Roberts,Erin Brockovich
278,15485,6598,2001,73,ACTRESS IN A SUPPORTING ROLE,Marcia Gay Harden,Pollock
279,6152,10419,2002,74,ACTOR IN A LEADING ROLE,Denzel Washington,Training Day
280,11323,4354,2002,74,ACTOR IN A SUPPORTING ROLE,Jim Broadbent,Iris
281,8986,5687,2002,74,ACTRESS IN A LEADING ROLE,Halle Berry,Monster's Ball
282,10983,180,2002,74,ACTRESS IN A SUPPORTING ROLE,Jennifer Connelly,A Beautiful Mind
283,302,9575,2003,75,ACTOR IN A LEADING ROLE,Adrien Brody,The Pianist
284,4356,429,2003,75,ACTOR IN A SUPPORTING ROLE,Chris Cooper,Adaptation
285,18069,9003,2003,75,ACTRESS IN A LEADING ROLE,Nicole Kidman,The Hours
286,3974,1856,2003,75,ACTRESS IN A SUPPORTING ROLE,Catherine Zeta-Jones,Chicago
287,21328,5887,2004,76,ACTOR IN A LEADING ROLE,Sean Penn,Mystic River
288,23161,5887,2004,76,ACTOR IN A SUPPORTING ROLE,Tim Robbins,Mystic River
289,4178,5678,2004,76,ACTRESS IN A LEADING ROLE,Charlize Theron,Monster
291,10450,6827,2005,77,ACTOR IN A LEADING ROLE,Jamie Foxx,Ray
292,17402,5578,2005,77,ACTOR IN A SUPPORTING ROLE,Morgan Freeman,Million Dollar Baby
293,9382,5578,2005,77,ACTRESS IN A LEADING ROLE,Hilary Swank,Million Dollar Baby
294,3936,8226,2005,77,ACTRESS IN A SUPPORTING ROLE,Cate Blanchett,The Aviator
295,19197,1698,2006,78,ACTOR IN A LEADING ROLE,Philip Seymour Hoffman,Capote
296,8398,8000,2006,78,ACTOR IN A SUPPORTING ROLE,George Clooney,Syriana
297,19771,10809,2006,78,ACTRESS IN A LEADING ROLE,Reese Witherspoon,Walk the Line
298,19488,8494,2006,78,ACTRESS IN A SUPPORTING ROLE,Rachel Weisz,The Constant Gardener
299,7912,9187,2007,79,ACTOR IN A LEADING ROLE,Forest Whitaker,The Last King of Scotland
300,455,5059,2007,79,ACTOR IN A SUPPORTING ROLE,Alan Arkin,Little Miss Sunshine
301,9278,9651,2007,79,ACTRESS IN A LEADING ROLE,Helen Mirren,The Queen
302,10996,2618,2007,79,ACTRESS IN A SUPPORTING ROLE,Jennifer Hudson,Dreamgirls
303,5392,10214,2008,80,ACTOR IN A LEADING ROLE,Daniel Day-Lewis,There Will Be Blood
304,10701,6009,2008,80,ACTOR IN A SUPPORTING ROLE,Javier Bardem,No Country for Old Men
305,15721,4798,2008,80,ACTRESS IN A LEADING ROLE,Marion Cotillard,La Vie en Rose
306,23113,5538,2008,80,ACTRESS IN A SUPPORTING ROLE,Tilda Swinton,Michael Clayton
307,21328,5573,2009,81,ACTOR IN A LEADING ROLE,Sean Penn,Milk
308,9233,8544,2009,81,ACTOR IN A SUPPORTING ROLE,Heath Ledger,The Dark Knight
309,12991,9668,2009,81,ACTRESS IN A LEADING ROLE,Kate Winslet,The Reader
311,10862,2136,2010,82,ACTOR IN A LEADING ROLE,Jeff Bridges,Crazy Heart
312,4574,4283,2010,82,ACTOR IN A SUPPORTING ROLE,Christoph Waltz,Inglourious Basterds
313,20995,8315,2010,82,ACTRESS IN A LEADING ROLE,Sandra Bullock,The Blind Side
314,17288,6639,2010,82,ACTRESS IN A SUPPORTING ROLE,Mo'Nique,Precious: Based on the Novel 'Push' by Sapphire
315,4895,9158,2011,83,ACTOR IN A LEADING ROLE,Colin Firth,The King's Speech
316,4469,8737,2011,83,ACTOR IN A SUPPORTING ROLE,Christian Bale,The Fighter
317,17693,1314,2011,83,ACTRESS IN A LEADING ROLE,Natalie Portman,Black Swan
318,16527,8737,2011,83,ACTRESS IN A SUPPORTING ROLE,Melissa Leo,The Fighter
319,10778,8206,2012,84,ACTOR IN A LEADING ROLE,Jean Dujardin,The Artist
320,4642,1123,2012,84,ACTOR IN A SUPPORTING ROLE,Christopher Plummer,Beginners
321,16588,9105,2012,84,ACTRESS IN A LEADING ROLE,Meryl Streep,The Iron Lady
322,18330,8965,2012,84,ACTRESS IN A SUPPORTING ROLE,Octavia Spencer,The Help
323,5392,5026,2013,85,ACTOR IN A LEADING ROLE,Daniel Day-Lewis,Lincoln
324,4574,2497,2013,85,ACTOR IN A SUPPORTING ROLE,Christoph Waltz,Django Unchained
325,11005,7437,2013,85,ACTRESS IN A LEADING ROLE,Jennifer Lawrence,Silver Linings Playbook
327,16241,2225,2014,86,ACTOR IN A LEADING ROLE,Matthew McConaughey,Dallas Buyers Club
328,10573,2225,2014,86,ACTOR IN A SUPPORTING ROLE,Jared Leto,Dallas Buyers Club
329,3936,1389,2014,86,ACTRESS IN A LEADING ROLE,Cate Blanchett,Blue Jasmine
330,15078,24,2014,86,ACTRESS IN A SUPPORTING ROLE,Lupita Nyong'o,12 Years a Slave
331,6715,9930,2015,87,ACTOR IN A LEADING ROLE,Eddie Redmayne,The Theory of Everything
332,9963,11019,2015,87,ACTOR IN A SUPPORTING ROLE,J.K. Simmons,Whiplash
333,12505,7801,2015,87,ACTRESS IN A LEADING ROLE,Julianne Moore,Still Alice
334,18697,1478,2015,87,ACTRESS IN A SUPPORTING ROLE,Patricia Arquette,Boyhood
335,14323,9694,2016,88,ACTOR IN A LEADING ROLE,Leonardo DiCaprio,The Revenant
336,15833,1528,2016,88,ACTOR IN A SUPPORTING ROLE,Mark Rylance,Bridge of Spies
337,3352,7057,2016,88,ACTRESS IN A LEADING ROLE,Brie Larson,Room
338,884,8539,2016,88,ACTRESS IN A SUPPORTING ROLE,Alicia Vikander,The Danish Girl
339,3897,5336,2017,89,ACTOR IN A LEADING ROLE,Casey Affleck,Manchester by the Sea
340,15291,5699,2017,89,ACTOR IN A SUPPORTING ROLE,Mahershala Ali,Moonlight
341,7264,4788,2017,89,ACTRESS IN A LEADING ROLE,Emma Stone,La La Land
342,23996,3026,2017,89,ACTRESS IN A SUPPORTING ROLE,Viola Davis,Fences
343,8290,2268,2018,90,ACTOR IN A LEADING ROLE,Gary Oldman,Darkest Hour
344,20899,10278,2018,90,ACTOR IN A SUPPORTING ROLE,Sam Rockwell,"Three Billboards outside Ebbing, Missouri"
345,7939,10278,2018,90,ACTRESS IN A LEADING ROLE,Frances McDormand,"Three Billboards outside Ebbing, Missouri"
346,960,4118,2018,90,ACTRESS IN A SUPPORTING ROLE,Allison Janney,"I, Tonya"
347,19572,1417,2019,91,ACTOR IN A LEADING ROLE,Rami Malek,Bohemian Rhapsody
348,15291,3575,2019,91,ACTOR IN A SUPPORTING ROLE,Mahershala Ali,Green Book
349,18415,8729,2019,91,ACTRESS IN A LEADING ROLE,Olivia Colman,The Favourite
350,19786,4152,2019,91,ACTRESS IN A SUPPORTING ROLE,Regina King,If Beale Street Could Talk
351,11474,4530,2020,92,ACTOR IN A LEADING ROLE,Joaquin Phoenix,Joker
354,14035,5394,2020,92,ACTRESS IN A SUPPORTING ROLE,Laura Dern,Marriage Story
357,7939,6052,2021,93,ACTRESS IN A LEADING ROLE,Frances McDormand,Nomadland
358,24477,5582,2021,93,ACTRESS IN A SUPPORTING ROLE,Yeo-Jong Yun,Minari
359,24234,4708,2022,94,ACTOR IN A LEADING ROLE,Will Smith,King Richard
360,23588,1986,2022,94,ACTOR IN A SUPPORTING ROLE,Troy Kotsur,CODA
361,11194,8701,2022,94,ACTRESS IN A LEADING ROLE,Jessica Chastain,The Eyes of Tammy Faye
362,1976,10931,2022,94,ACTRESS IN A SUPPORTING ROLE,Ariana DeBose,West Side Story
