movie_id,sales_id
2,17437
4,10868
5,13359
9,18491
10,13396
12,18619
13,18443
17,20010
19,25394
20,29427
22,19375
23,15919
24,10452
26,13013
27,10996
29,21277
30,16670
32,15399
33,19168
34,3356
36,18873
37,22301
38,21724
40,18688
44,22672
46,1846
48,1754
51,15478
53,20235
54,12526
58,13934
59,11188
60,13531
63,25389
64,798
65,18652
66,18050
67,23014
68,16420
69,16993
70,9013
71,6506
73,13602
74,9353
75,17595
77,18754
79,20597
81,18076
82,20542
83,22219
85,9400
86,19854
87,12210
89,10082
90,18344
93,17670
98,15157
99,22494
100,12082
101,14968
102,13278
103,21188
104,17308
105,22382
106,2836
107,4202
108,16325
109,14517
111,15171
112,16370
113,21172
116,22239
117,4854
118,15812
119,20325
120,16244
121,6556
122,19409
123,7439
124,24517
125,9222
126,16981
128,13383
129,13267
130,9967
132,12103
133,22315
135,11801
136,16590
137,12337
138,19780
141,4707
142,13375
143,16560
145,22957
149,6551
150,10766
152,8117
157,24017
159,18805
160,16516
164,17941
165,15045
167,20864
168,6117
169,21169
170,14853
171,5669
174,1633
175,14262
177,13355
178,23009
180,18554
181,14726
184,15495
186,25982
191,25377
192,9902
198,19911
202,12596
203,2450
204,14363
205,10598
207,20905
208,21094
209,20157
210,18217
216,21842
218,7704
219,18370
221,18373
222,15080
224,21082
227,7373
228,5924
229,12327
231,8696
232,18771
233,30445
235,18782
236,12703
238,27533
239,15823
240,1506
241,17344
242,22190
243,3098
245,19763
246,15112
247,22754
249,18189
250,21398
252,8789
253,19606
254,16424
256,16826
257,24872
258,6612
259,1000
262,9415
263,20662
266,18572
267,9411
268,18456
269,13401
270,13861
271,15418
272,21039
273,14450
274,21436
275,15295
276,21313
280,9410
281,11623
283,8859
285,18511
286,21105
287,24212
288,13624
289,3169
291,7971
292,11611
293,26252
294,8001
295,14207
296,17636
298,16077
301,17691
303,20115
304,8650
306,1352
307,11829
310,9320
313,21430
314,1379
316,19322
318,9774
319,22370
320,19510
325,14150
327,14205
330,16795
332,3569
335,12702
336,11211
342,18905
343,10741
344,2323
345,19232
346,2156
347,7744
349,15641
351,11426
352,26500
354,16994
355,13523
356,19317
358,12699
360,15011
363,27840
364,10057
365,6926
366,5
368,10403
373,10975
377,10942
379,8811
380,7777
381,19480
382,1658
383,21524
384,18931
386,12010
389,20692
391,23808
393,21343
394,21629
395,11389
396,10676
399,18035
400,18086
401,11840
402,16646
403,22585
404,12813
405,16208
407,6321
408,2608
411,18441
414,10848
415,16314
416,17757
417,6780
418,3981
419,11757
420,9014
421,16418
422,23806
423,16460
424,24519
426,21354
427,21015
428,21054
430,9710
432,10221
433,16956
434,23254
435,18297
436,11639
438,22057
439,6777
440,10719
442,18033
443,10061
445,19045
446,14142
448,15888
449,12038
450,17214
451,16886
452,11388
453,27581
454,8502
455,14244
456,2244
458,17475
462,17268
463,18372
464,8216
467,16774
469,24598
470,11225
471,6724
473,18349
476,10016
477,11852
478,18377
479,14405
480,14802
481,22166
483,21662
484,21998
485,25134
487,16910
488,14475
490,13078
492,22415
493,28497
495,16568
496,12266
497,21009
498,19759
499,16033
501,20825
503,17750
504,26468
505,15786
506,19532
507,10211
508,9919
509,19947
510,11269
511,16605
513,16390
514,9708
515,18654
516,16786
517,18548
520,27475
521,21310
522,19083
523,20399
524,7666
526,15783
527,8288
529,16645
530,19044
531,16462
532,22128
533,22019
534,29426
535,11828
538,2835
539,15044
540,22230
541,22134
542,13032
545,12723
546,27188
547,1841
549,26023
550,16241
551,10847
553,10450
556,29542
557,24778
559,19149
560,20695
562,4517
563,10648
565,17363
566,9027
567,222
568,17922
569,19163
571,22023
572,17411
574,29725
575,4906
576,10957
579,1205
581,8436
583,1673
585,10756
586,2086
587,20520
592,17402
593,9103
594,26021
596,22129
597,21933
598,22140
599,22412
600,4505
601,14453
602,21940
604,13728
605,13466
606,10224
607,2885
608,12692
609,7582
611,23776
612,1656
613,8850
614,3630
615,21845
616,21372
618,13841
621,13292
622,19169
623,12507
624,17201
626,22456
627,13957
628,6773
629,3673
632,16073
633,21897
634,3471
635,22294
636,23252
637,20975
638,13483
639,24400
640,14927
641,14642
642,21368
643,17368
644,3626
645,9213
646,4515
647,11857
648,14242
649,20688
650,2720
651,20696
652,21684
653,10451
654,22215
656,15850
657,30568
658,8082
660,18612
661,19373
662,11799
663,15005
664,17605
665,6741
667,18684
669,18978
670,25875
671,13074
672,19933
673,21047
674,13264
676,24369
678,6920
679,11826
680,3627
681,22143
682,10681
683,13092
684,15042
685,19541
686,26774
687,22480
688,7903
689,20359
690,29720
694,20020
695,13230
696,20810
698,20694
700,14140
702,1965
703,17917
705,13695
707,20381
708,16121
709,8745
710,8651
711,15137
712,18538
713,21744
714,14570
715,18947
716,18403
717,17939
720,9042
721,19921
722,12476
723,14801
725,12040
728,11415
729,16570
731,17052
732,19542
733,21611
734,24394
735,24706
736,24890
737,26
738,17969
739,9916
741,21292
742,26609
743,19639
744,15088
745,9770
747,14402
748,13328
749,25704
750,1487
751,11052
752,9879
753,25562
754,5151
755,22108
756,30366
757,28824
758,8095
759,12378
761,7778
762,10997
763,13867
764,8289
765,19170
766,10611
769,13009
770,10413
771,7640
772,5638
773,8555
775,27530
777,5295
778,4677
780,13835
781,2
782,19111
783,26434
785,18074
786,19033
787,8596
788,7579
789,16425
790,17898
794,15140
795,28777
796,12716
798,13809
799,20030
803,7215
804,18134
807,22268
809,20634
810,466
811,21723
812,24482
813,4669
819,18792
821,10869
822,23929
823,12505
824,29421
825,17837
827,20652
828,22277
829,11021
830,10845
831,10087
832,16364
833,4241
835,17249
836,12956
837,25216
839,29903
842,17509
843,20222
845,2153
846,17119
847,10424
848,7211
849,15694
850,20628
852,17604
854,10803
855,15420
856,10842
857,10650
859,12892
861,26853
863,19786
864,5676
867,27035
868,21716
870,9739
871,3179
872,21473
873,23912
876,22278
877,22120
878,13833
879,24820
880,19242
881,15432
882,9736
884,18737
888,26506
892,21350
894,30538
895,21431
899,18118
900,5330
901,13751
902,13855
903,17012
906,3949
907,21613
908,15330
909,14110
910,8876
911,14067
912,14516
913,14441
914,17731
915,12268
916,20795
917,11989
918,5687
919,15408
920,19479
924,20952
926,26704
928,12700
929,10893
930,27231
931,8153
932,21387
933,27327
934,19281
936,13772
938,20133
939,17586
941,4497
942,27550
945,16209
947,17297
948,21239
949,6261
950,17567
952,14122
953,27256
954,11054
955,422
957,12834
958,18649
959,15924
960,15447
961,20750
962,15883
963,10678
966,29394
967,19310
968,21156
973,24977
974,14793
977,5693
979,2766
980,8515
981,16409
982,1671
984,14727
985,2849
987,8848
988,16938
989,8141
990,13775
991,11037
992,16068
993,20517
994,13232
995,15892
996,17141
997,20089
999,12298
1000,16718
1003,21395
1004,19962
1006,7168
1007,16666
1008,19893
1009,15713
1011,19288
1012,14109
1013,19883
1014,19351
1015,18923
1017,17374
1018,20098
1019,22327
1020,9296
1021,17662
1022,9963
1023,20248
1026,20067
1028,2599
1029,1059
1030,9077
1031,19041
1032,21338
1033,21474
1034,21348
1035,17813
1038,564
1039,8112
1040,20420
1041,10739
1042,14746
1043,17203
1044,18316
1046,13807
1047,18341
1048,3298
1049,11223
1050,13378
1051,21870
1052,15477
1053,7516
1054,21781
1055,16004
1056,19672
1058,17351
1059,4436
1061,30154
1062,15392
1063,8503
1064,30064
1065,27597
1066,18706
1067,4908
1068,12796
1069,6973
1072,22342
1073,19972
1074,22274
1075,15353
1076,2238
1077,22130
1078,18758
1079,16885
1080,14692
1081,22532
1083,11349
1088,21411
1089,21747
1090,21963
1093,13449
1094,27398
1097,26525
1098,17820
1100,19638
1101,11565
1102,14645
1103,16760
1104,19495
1105,18429
1106,16089
1107,17283
1108,8559
1109,12391
1111,9179
1112,14507
1113,17920
1114,19929
1115,14658
1116,17841
1117,2642
1118,17200
1119,6300
1121,24260
1122,12502
1123,15356
1125,12036
1127,18935
1128,17650
1129,21014
1133,8138
1134,11194
1135,6717
1136,17395
1137,25871
1138,17501
1139,25127
1140,8960
1141,14849
1142,10282
1143,3561
1144,25921
1145,14659
1146,14782
1147,13561
1150,19784
1151,8539
1154,6392
1155,419
1157,11798
1158,2601
1160,11617
1161,19539
1162,15096
1163,30430
1165,21308
1166,110
1167,18957
1168,14077
1169,20110
1171,28744
1174,29238
1175,8994
1176,6435
1177,14847
1179,19134
1180,1457
1181,20251
1182,18391
1183,7451
1184,27547
1185,17652
1186,1859
1187,9762
1188,17302
1190,21125
1191,16939
1192,21857
1193,21289
1194,19584
1195,2597
1196,9553
1197,11753
1199,15917
1200,13229
1201,8895
1202,20172
1203,15031
1204,16816
1205,21546
1207,1834
1208,13678
1209,21196
1211,8844
1214,11270
1216,15633
1218,9008
1219,12718
1224,22354
1225,19101
1226,21435
1227,8079
1228,15339
1229,22365
1230,16036
1232,11268
1233,9189
1235,16936
1236,18827
1237,21688
1238,22105
1239,19065
1241,7449
1242,6917
1243,1056
1244,13340
1245,5171
1246,9912
1247,27917
1248,21894
1250,21959
1251,20075
1253,22046
1255,18325
1256,1837
1257,26285
1258,30069
1259,13673
1260,16792
1261,25502
1263,19651
1265,13756
1267,292
1268,12258
1275,17154
1276,4434
1277,10271
1278,22372
1280,2336
1281,12664
1282,20936
1285,23351
1286,22339
1288,24014
1293,7434
1295,22772
1296,18337
1297,14128
1298,16978
1299,18542
1301,18939
1302,5948
1304,9390
1305,16643
1307,17663
1308,12894
1310,17394
1311,18872
1312,21197
1314,12493
1315,26993
1316,28822
1317,20992
1320,12795
1321,18132
1322,4692
1323,11584
1324,21512
1327,2948
1328,16013
1329,20840
1330,4208
1331,17071
1333,17611
1334,4492
1336,1860
1338,13922
1339,18069
1340,20948
1342,7625
1344,14421
1348,24577
1349,13228
1350,19350
1351,5221
1357,9831
1358,12286
1359,21754
1360,27477
1361,9045
1362,15144
1363,19422
1364,5297
1366,28273
1368,16849
1370,20598
1371,22375
1373,6299
1375,27001
1376,19793
1377,22096
1378,22132
1379,22303
1381,27421
1383,11420
1384,20915
1385,20588
1387,4312
1389,12777
1390,3343
1391,15467
1393,18998
1394,28454
1395,15103
1397,12231
1398,14567
1399,16536
1402,19003
1403,21650
1405,3294
1406,15461
1408,21139
1409,21262
1410,5522
1411,1485
1412,3063
1413,27177
1414,13215
1415,19346
1416,19000
1417,1745
1418,22539
1419,25734
1420,10791
1421,21834
1423,11998
1424,20666
1425,11370
1428,22771
1429,839
1430,21822
1431,4643
1432,19583
1435,19660
1438,22122
1439,30297
1440,13518
1441,7238
1442,19327
1443,14852
1445,26396
1446,7531
1447,19971
1456,16009
1457,20182
1458,12119
1461,22236
1462,30378
1463,22061
1464,14696
1465,25017
1466,7732
1467,18631
1468,5984
1469,11641
1470,19782
1471,13302
1473,15010
1475,21005
1476,1482
1477,13404
1478,13335
1479,21361
1480,21673
1481,18254
1482,26693
1484,18269
1486,28522
1487,16238
1488,14472
1489,4639
1490,19856
1491,17816
1492,12807
1493,5139
1494,14045
1495,9961
1496,2596
1497,21385
1498,21626
1501,16751
1502,13212
1503,20921
1504,6509
1505,14835
1506,7597
1507,30510
1509,12778
1510,18356
1511,27571
1512,7776
1514,2329
1515,16173
1517,24576
1518,25852
1519,21352
1520,16057
1521,15101
1522,15055
1523,21425
1524,21969
1525,20781
1526,15004
1527,16104
1528,4999
1529,21386
1531,16408
1533,21984
1534,14413
1535,21999
1536,403
1539,18945
1540,14718
1541,18961
1542,26877
1543,18389
1544,12982
1545,5752
1546,16720
1547,1782
1548,20765
1549,21664
1550,10295
1553,24894
1554,10647
1555,20476
1556,15998
1557,12788
1558,18099
1559,19458
1561,18871
1562,19560
1563,11683
1564,17347
1565,19702
1566,4292
1567,9764
1568,17477
1569,19850
1570,19084
1571,21045
1572,16817
1573,16784
1575,12957
1577,19704
1578,30534
1579,16102
1580,19164
1581,19783
1582,20491
1584,25848
1586,17896
1587,22107
1588,20681
1589,18095
1590,14745
1591,12453
1592,22419
1594,29805
1595,9228
1596,19312
1597,28651
1598,19545
1599,21670
1600,20705
1603,499
1604,19118
1605,21110
1607,21055
1609,291
1610,11794
1613,8282
1614,28272
1615,14187
1617,12728
1619,13826
1620,1192
1621,25688
1623,13327
1625,23327
1628,4731
1633,18960
1634,4430
1636,15003
1637,21483
1639,10108
1642,4673
1643,13979
1644,19153
1645,2484
1647,4093
1649,13352
1651,17911
1652,13717
1653,11401
1655,16781
1656,11978
1661,15379
1662,17392
1663,17187
1665,8897
1666,4704
1667,1779
1669,7101
1670,16782
1671,19634
1673,12247
1675,11023
1676,6907
1677,16105
1678,4404
1680,19300
1681,9526
1683,21740
1684,28685
1685,1974
1686,15457
1687,28235
1688,28807
1689,1975
1690,12833
1691,15261
1692,16757
1696,14420
1698,18183
1699,8942
1700,13865
1701,16169
1702,20686
1703,6217
1704,28639
1706,10645
1707,7166
1709,5949
1710,28452
1711,18177
1712,20243
1714,19401
1715,20908
1717,6951
1718,7509
1719,13588
1720,22010
1721,27184
1722,18233
1723,10219
1724,6312
1725,3773
1726,19189
1727,10272
1728,10379
1729,20815
1730,14732
1731,6697
1732,7893
1733,17897
1734,16628
1735,15609
1736,13897
1737,18156
1738,15693
1739,12471
1740,17289
1741,15460
1742,10643
1743,20536
1744,17919
1748,17628
1749,16210
1750,21753
1751,7100
1752,17711
1753,22321
1757,12182
1758,14451
1759,21681
1760,22715
1761,21067
1762,15395
1763,19613
1764,10080
1766,16503
1767,26576
1768,18371
1769,20379
1770,10477
1771,20949
1772,19404
1774,11874
1776,18574
1777,17866
1779,29409
1781,18831
1782,21905
1783,26213
1784,6842
1785,14770
1786,17603
1787,2988
1788,19395
1790,16170
1796,23992
1797,19848
1798,13393
1800,20774
1801,12678
1802,21886
1804,19504
1805,19246
1806,22045
1807,19022
1808,30474
1809,9148
1810,13987
1811,18647
1813,19878
1814,19673
1815,9719
1816,26809
1817,15394
1819,18740
1821,18995
1823,19936
1825,18539
1826,20914
1827,14833
1829,5741
1830,9073
1831,22418
1832,12977
1833,9742
1834,21108
1835,9340
1837,6637
1839,16550
1840,15659
1841,15616
1843,8735
1844,14487
1845,1206
1846,14406
1847,21715
1850,21155
1851,13659
1852,30327
1855,3323
1856,17710
1857,19661
1858,17128
1859,21498
1861,18453
1862,11266
1863,11400
1864,19077
1866,14532
1872,14871
1873,21930
1874,12545
1875,20899
1876,22769
1878,10970
1880,18714
1881,6295
1882,17314
1883,17931
1884,13517
1885,19904
1888,2985
1890,17129
1891,16388
1892,4783
1893,13125
1894,18837
1896,21402
1897,8281
1901,10393
1902,18636
1904,13976
1906,20655
1907,20506
1909,17621
1910,21698
1911,12975
1913,18114
1914,13832
1916,8455
1917,9398
1918,25334
1919,14562
1920,8984
1921,23156
1922,13326
1924,9349
1925,20347
1927,18731
1928,12938
1929,21095
1930,7522
1932,11507
1937,20129
1938,18243
1940,22500
1941,16346
1946,18362
1947,16232
1950,22657
1951,27529
1952,19970
1953,19174
1954,19831
1955,13007
1957,25988
1958,21270
1961,22076
1964,21268
1965,11859
1966,16021
1968,6059
1969,9593
1972,14716
1973,11040
1975,20535
1976,22021
1978,22282
1979,20403
1980,16218
1982,1784
1985,9150
1986,28087
1987,19290
1988,12761
1989,21949
1991,24418
1992,20907
1993,15826
1995,11226
1996,12756
1999,19440
2000,17895
2001,13917
2002,15649
2003,29293
2004,16086
2005,9716
2007,19714
2009,3106
2010,13075
2011,13539
2012,19289
2013,1052
2014,22366
2017,14118
2018,19344
2020,12113
2021,12973
2022,13123
2024,29187
2025,9857
2026,5069
2027,28438
2028,2074
2029,28607
2030,24362
2031,15824
2033,16953
2034,24684
2036,28802
2037,30248
2038,21231
2040,19779
2041,21948
2042,8413
2043,15845
2046,24775
2047,21871
2048,2983
2049,4211
2050,22058
2051,20627
2052,22299
2054,4925
2055,11440
2056,13042
2057,14724
2058,13262
2059,8412
2060,17530
2062,10846
2063,2710
2064,22484
2065,22031
2066,17700
2067,20310
2068,22163
2069,17727
2070,21098
2073,21442
2074,16020
2075,21961
2076,21583
2077,8717
2078,12456
2079,12395
2080,19520
2082,15264
2084,20720
2085,16203
2086,18812
2087,13590
2088,10216
2089,19882
2090,12995
2091,5866
2092,7099
2093,19410
2094,13353
2095,27541
2096,15825
2097,20318
2099,19889
2100,13358
2101,23766
2102,18200
2106,13658
2107,6756
2108,15723
2109,18897
2110,22432
2111,23323
2112,15746
2113,7278
2114,12235
2116,14144
2117,11792
2118,7642
2122,21920
2126,21123
2127,21340
2128,18000
2129,21831
2130,18105
2132,21032
2133,25228
2134,19805
2135,12548
2136,12698
2137,19191
2138,19534
2140,20333
2141,4503
2142,13579
2144,21238
2145,28984
2146,20071
2147,11499
2148,12449
2149,3602
2150,814
2154,4236
2155,14440
2156,20516
2157,18569
2159,3765
2161,4995
2166,21978
2167,13672
2168,1638
2169,20358
2170,16897
2172,20019
2173,20122
2174,17451
2175,18108
2176,22359
2177,18259
2178,13139
2179,22207
2180,4700
2181,23154
2182,15039
2183,29754
2184,21892
2185,27360
2187,27951
2191,21148
2192,22408
2193,16551
2195,22766
2196,12334
2197,21062
2198,21918
2200,21951
2202,11906
2203,17447
2204,26696
2205,12068
2208,13974
2211,16510
2212,18891
2215,17455
2216,20733
2220,21392
2222,21138
2224,21210
2225,9914
2226,18196
2227,5219
2228,5986
2229,15841
2230,14657
2231,17958
2232,4397
2233,20264
2234,18712
2235,19592
2236,15768
2241,12830
2242,19277
2243,3620
2244,13527
2245,22025
2246,14640
2247,21844
2248,18199
2249,7228
2250,20753
2251,13363
2254,17954
2255,5466
2256,14359
2257,26073
2258,11684
2259,12371
2260,14265
2261,18393
2263,11777
2264,18482
2265,7383
2266,20153
2267,22999
2268,847
2269,22184
2271,14869
2273,19572
2274,15304
2275,18028
2276,21910
2277,18343
2282,21728
2283,4712
2286,25015
2288,10783
2289,21817
2290,12044
2291,8758
2292,6905
2293,19857
2295,22117
2296,20334
2297,17244
2298,14159
2302,30377
2303,3674
2304,20204
2305,6954
2307,17684
2308,15120
2309,20618
2310,21426
2313,21012
2317,9248
2319,14007
2320,7506
2321,17569
2322,13056
2323,2059
2324,7162
2326,10745
2327,27146
2328,21777
2329,19753
2330,9570
2331,18195
2332,9536
2333,12437
2334,18014
2335,17097
2336,11441
2337,15318
2338,16478
2340,21028
2341,4779
2342,16204
2343,14388
2344,16708
2345,22077
2346,11736
2348,21417
2349,15956
2350,17563
2352,15445
2354,14779
2355,10107
2356,17081
2359,17080
2361,3641
2363,13245
2365,19981
2368,11774
2371,17102
2372,22036
2373,16603
2374,12257
2375,9556
2376,19847
2378,9814
2379,4398
2381,28231
2382,17893
2383,15546
2384,3619
2387,23909
2388,16752
2391,19152
2392,17448
2394,17995
2395,26299
2396,9464
2398,16127
2399,13629
2400,6710
2402,6632
2403,4049
2404,125
2405,16629
2407,15464
2408,22485
2409,16577
2410,15294
2411,5251
2412,9546
2413,10890
2414,19247
2416,14201
2417,19103
2419,18078
2420,12050
2423,17425
2427,11048
2430,10673
2431,27977
2433,21787
2434,18732
2436,11871
2437,7710
2438,19680
2440,18232
2441,12693
2442,11949
2443,18425
2445,25822
2447,12330
2449,10777
2450,20145
2451,6654
2454,15673
2455,2542
2456,15391
2457,20180
2458,21865
2459,11203
2460,12568
2463,22253
2465,11582
2467,15898
2468,13482
2469,18192
2470,19311
2471,14226
2472,6292
2474,20132
2475,14120
2476,21669
2479,15808
2480,14714
2481,8036
2483,21830
2485,15714
2487,20633
2488,21818
2489,16554
2490,408
2491,21423
2492,22193
2495,4658
2497,8448
2498,7729
2499,3546
2500,9318
2501,18889
2502,23268
2503,2501
2504,14775
2505,20221
2506,18596
2507,4686
2508,2281
2513,21699
2514,21811
2516,23474
2517,29579
2520,4172
2521,12008
2522,10445
2525,19272
2527,20670
2528,17484
2529,26189
2530,11030
2531,18353
2532,14210
2533,3056
2534,12174
2536,20582
2538,19578
2539,29041
2540,12974
2546,21538
2548,19519
2549,16337
2555,17679
2556,21543
2557,18598
2558,10889
2561,21735
2562,17472
2563,19021
2564,17185
2565,8333
2566,24613
2567,16951
2568,18190
2570,21770
2574,22524
2575,11772
2576,13893
2577,13716
2578,11937
2579,4863
2581,21416
2582,20624
2583,13587
2584,16192
2585,22392
2586,16361
2587,22559
2588,20731
2590,28604
2591,17582
2592,303
2593,23984
2594,21051
2595,18501
2596,21246
2599,17918
2600,20509
2601,9885
2602,15775
2603,17599
2607,15959
2609,22243
2611,18169
2612,21351
2613,29819
2614,11795
2615,21481
2617,17474
2618,14834
2619,20629
2621,27395
2622,11656
2623,2963
2624,10895
2625,12064
2626,12524
2627,18666
2628,12051
2629,12207
2631,9875
2633,21804
2634,24468
2635,27601
2636,16598
2637,22492
2639,18090
2640,29824
2643,16754
2644,19846
2645,8033
2647,17930
2648,13006
2649,20515
2651,18176
2652,8853
2653,20224
2654,28042
2655,17246
2656,17910
2661,5574
2662,17538
2663,19687
2664,18597
2665,21408
2666,8322
2667,16507
2668,21300
2672,13516
2673,18887
2675,14636
2676,18673
2677,15712
2678,12256
2679,23234
2680,16504
2683,22213
2684,21576
2685,14583
2686,15954
2687,16383
2688,14199
2691,17962
2692,15089
2693,6502
2694,22331
2696,6243
2697,21596
2698,15442
2699,18564
2700,26400
2701,12597
2702,16196
2703,12187
2704,16959
2705,9619
2706,12434
2707,20056
2708,13906
2709,5283
2711,19508
2712,11899
2714,21906
2715,18415
2716,20799
2717,5400
2718,17424
2719,4674
2720,16411
2721,13856
2723,17824
2724,27027
2727,16413
2728,27090
2729,17661
2730,15623
2732,14691
2733,22287
2734,18330
2735,16613
2736,13621
2737,16814
2739,11181
2740,20300
2741,16793
2744,4668
2745,15259
2746,17483
2747,21454
2748,7405
2749,15174
2750,16750
2751,21331
2752,1966
2753,9006
2755,8131
2757,8949
2758,12287
2760,24248
2762,12112
2763,17891
2764,22115
2765,28667
2766,17467
2768,17348
2769,18092
2771,16977
2774,16199
2775,25609
2776,14065
2777,25328
2778,16074
2782,22252
2783,10684
2784,10084
2786,18029
2788,17150
2789,18751
2790,28357
2791,16933
2792,22290
2794,5062
2795,21710
2797,21337
2798,11232
2799,21212
2800,1542
2801,15875
2802,14184
2803,4008
2804,8909
2805,21264
2806,10268
2807,14505
2808,21757
2809,26164
2810,6311
2811,18089
2812,5613
2813,14832
2815,22425
2818,21401
2820,10109
2821,18404
2822,28071
2823,10471
2824,10655
2825,29896
2826,28954
2828,5333
2829,18128
2831,22233
2832,18915
2833,26234
2834,21816
2835,26184
2836,21403
2838,18800
2839,17507
2841,21795
2842,12531
2843,22161
2846,8629
2847,18513
2849,18087
2850,19835
2852,18500
2853,6743
2857,30129
2858,20038
2859,12363
2860,8908
2861,18685
2862,9615
2863,12099
2868,14108
2871,12955
2874,11580
2876,17725
2877,7708
2878,18526
2879,16101
2880,19268
2881,20631
2882,12787
2884,16567
2886,21427
2887,8130
2888,8901
2889,3580
2890,17409
2891,20021
2892,9943
2893,12754
2895,9351
2897,18015
2898,22155
2899,8323
2900,18958
2902,17935
2903,4892
2904,16054
2905,20005
2906,16501
2907,16932
2909,15043
2911,20069
2912,4638
2914,8695
2915,18418
2916,25
2918,11494
2919,22551
2920,19748
2921,19980
2922,29858
2927,20717
2929,18440
2930,16779
2931,15400
2932,20007
2933,3099
2934,20207
2935,21554
2937,19765
2941,14414
2942,27306
2944,15143
2946,16573
2948,20315
2951,1881
2952,1018
2953,20150
2954,7185
2955,18888
2956,23765
2957,13836
2958,18801
2960,10313
2961,5218
2962,13930
2966,14743
2967,23466
2969,14774
2970,22141
2972,27309
2973,16887
2975,15454
2976,19360
2978,24741
2979,10544
2980,21269
2981,12730
2982,15299
2983,19890
2984,14648
2985,10105
2987,23793
2988,22267
2989,20218
2990,276
2991,11368
2994,29997
2997,7204
2998,26429
2999,24539
3000,27497
3001,13696
3003,20368
3004,19833
3005,27693
3006,16396
3010,22127
3011,20353
3013,17362
3014,15577
3015,23070
3016,14484
3017,15558
3023,9521
3024,8108
3025,18804
3026,1007
3027,494
3029,19609
3030,22227
3031,9247
3032,22474
3034,21418
3035,24350
3036,19478
3037,18885
3038,16321
3040,15691
3042,14080
3043,13727
3044,14940
3045,15500
3046,20675
3047,18669
3048,19345
3049,20878
3050,29098
3051,15839
3053,15788
3054,22262
3055,18332
3057,7503
3059,12923
3060,18925
3061,29815
3062,22426
3063,22044
3064,21922
3065,13274
3066,21061
3068,3729
3070,21540
3071,5596
3072,15684
3073,16895
3074,6844
3076,11399
3077,17923
3078,11790
3079,20244
3080,16404
3082,9337
3084,16167
3085,29917
3086,12159
3089,11635
3091,24332
3092,25168
3093,21577
3095,20473
3096,11385
3097,20651
3098,21916
3101,28069
3102,28933
3103,18202
3104,16000
3105,5500
3108,2304
3110,15122
3111,14542
3112,7152
3113,20999
3114,20547
3116,20322
3119,10046
3120,13206
3121,10843
3122,28460
3123,3728
3124,15348
3125,5461
3126,7377
3127,27947
3128,16589
3129,13186
3133,15810
3134,13224
3135,3034
3136,19915
3137,18646
3138,25324
3139,21521
3140,16582
3141,9423
3142,15636
3144,18193
3145,15376
3147,8482
3148,18663
3149,10573
3151,15835
3152,17240
3154,17359
3155,13263
3156,19587
3157,14581
3158,7968
3159,14539
3162,17235
3163,19146
3165,11366
3168,10215
3171,2266
3172,13005
3173,11055
3175,15093
3176,24814
3177,15556
3178,4390
3181,15453
3187,15542
3188,13513
3190,17933
3191,21741
3192,16486
3193,19408
3194,19476
3195,13120
3196,10246
3197,6911
3198,18179
3199,19244
3200,11986
3201,29985
3203,27608
3204,13003
3206,27474
3207,8715
3209,20398
3210,21881
3211,26001
3212,27882
3213,14511
3214,10874
3217,11200
3218,1184
3219,12769
3220,10277
3221,24293
3225,18430
3226,16300
3228,13891
3229,24092
3230,24404
3231,18969
3232,14349
3234,21977
3235,18609
3236,16191
3237,10062
3238,10204
3239,28154
3241,19293
3243,2743
3244,6496
3245,8211
3246,21166
3248,21952
3249,21907
3250,5340
3252,19913
3254,30409
3255,22059
3256,8109
3257,16709
3258,19148
3259,18423
3260,20490
3261,17511
3262,20302
3264,14776
3265,20504
3266,13862
3267,17003
3268,21167
3269,13259
3271,19588
3272,19945
3273,13204
3275,19751
3276,19726
3277,22200
3280,5456
3281,10814
3282,12930
3283,11793
3284,19749
3285,9397
3286,23034
3287,14710
3288,13053
3290,17554
3291,15320
3292,20785
3293,15692
3294,21195
3296,5063
3297,9589
3298,15618
3299,28456
3303,21029
3304,16095
3305,15820
3306,12107
3307,17642
3308,9530
3309,17698
3312,18528
3313,16470
3314,8328
3316,19506
3317,15116
3319,29215
3321,2183
3322,21556
3323,12151
3324,16018
3326,15041
3327,18914
3329,18075
3331,21146
3332,19766
3334,19308
3336,15317
3337,19605
3339,20107
3340,20234
3341,3195
3342,19632
3343,21478
3346,23272
3348,9939
3351,9656
3352,23585
3353,16637
3355,11221
3358,5210
3359,20665
3360,6945
3361,14467
3362,13562
3363,19326
3364,29895
3365,19844
3366,2269
3369,10309
3370,21864
3371,13584
3372,10546
3373,19958
3375,12570
3376,16901
3377,15387
3379,11398
3380,12649
3381,22305
3382,16763
3383,16056
3384,11850
3385,15488
3387,22496
3388,18214
3389,10964
3390,21384
3391,17766
3393,19147
3394,9149
3395,10468
3396,13802
3398,21048
3399,529
3400,6069
3401,25794
3404,18310
3406,21298
3407,26890
3408,19424
3409,16579
3410,16084
3412,28714
3415,9846
3416,19039
3418,18973
3419,1511
3423,18750
3424,16950
3426,21622
3427,15319
3429,4652
3430,14253
3431,12303
3432,12786
3433,18024
3434,21131
3435,21409
3436,16031
3437,19975
3438,16802
3440,19115
3441,21706
3443,19342
3444,5567
3445,17523
3446,20617
3447,24807
3448,22055
3449,29727
3452,21206
3453,5609
3454,13270
3455,9348
3456,20195
3458,18752
3459,28632
3461,22261
3462,11417
3463,19398
3464,28068
3465,9733
3469,20616
3470,3882
3471,11651
3472,14252
3474,10646
3475,10203
3476,10465
3479,21841
3480,22483
3483,12851
3487,21263
3489,20937
3490,14222
3491,26263
3492,30189
3493,8352
3494,10033
3495,18174
3496,14753
3497,17870
3498,14677
3499,15267
3501,13436
3505,17752
3506,14959
3507,9872
3509,15671
3510,11557
3511,17183
3512,24520
3515,12935
3516,14138
3517,10703
3518,15937
3521,13575
3523,11636
3525,10043
3526,4882
3527,2868
3530,19371
3531,8096
3533,15778
3535,4699
3536,17755
3537,4167
3538,4993
3539,2306
3540,13914
3541,18544
3542,22068
3543,16417
3544,9061
3545,6233
3546,20514
3548,18154
3549,19596
3551,13484
3553,15421
3554,19223
3556,11771
3558,20223
3559,6652
3561,21686
3563,12800
3564,19903
3565,10851
3566,21205
3569,16134
3570,9740
3571,15953
3572,28459
3573,18549
3574,17338
3575,901
3577,14742
3578,9286
3579,18899
3580,19076
3581,18733
3582,22014
3583,23417
3584,20893
3585,26686
3586,14821
3587,9417
3589,29051
3591,17728
3592,13260
3594,18606
3595,20646
3596,11133
3600,19237
3601,21680
3602,20962
3604,16141
3605,13060
3606,8880
3607,11601
3610,16381
3611,21415
3612,19366
3613,26990
3614,6653
3616,12230
3617,13555
3618,22547
3619,23879
3620,21776
3621,15685
3622,28748
3623,28337
3624,17686
3625,13000
3628,21445
3629,29642
3632,2302
3633,12229
3634,20208
3635,14289
3636,27377
3637,18824
3638,17495
3639,17313
3640,18157
3641,3724
3642,22996
3643,3386
3644,24013
3645,12149
3647,18808
3648,14785
3649,18794
3650,18713
3652,2046
3654,26716
3655,20953
3656,26349
3659,14381
3660,21868
3663,15677
3664,4848
3665,18010
3666,22530
3667,281
3668,15765
3669,17600
3670,12148
3671,19768
3673,19030
3674,17084
3675,22463
3676,21562
3678,19269
3679,24197
3681,21944
3682,17287
3683,20463
3685,11612
3686,2403
3687,29107
3688,2531
3689,19874
3690,15452
3691,10609
3692,12933
3694,15986
3697,19421
3699,8707
3700,18697
3703,20990
3705,26645
3707,9809
3710,9698
3712,8411
3713,17561
3714,19597
3715,23230
3716,22228
3718,1183
3719,17638
3720,11411
3722,18788
3724,12743
3725,16378
3726,16483
3727,18172
3728,20479
3730,15818
3731,22362
3732,12181
3733,21347
3734,10293
3735,16317
3736,13890
3737,13648
3739,15763
3740,17296
3741,10267
3742,19369
3744,17696
3748,19183
3751,5336
3752,18216
3753,21466
3755,22472
3758,12170
3760,4738
3763,20352
3765,22150
3766,12737
3767,27391
3769,6430
3770,20177
3771,19794
3772,15405
3773,9089
3775,10244
3776,21044
3777,20417
3779,19258
3780,4094
3781,30095
3782,21867
3783,16225
3785,11590
3786,11631
3787,2846
3788,19792
3789,5280
3790,14701
3792,18525
3793,21634
3794,27633
3795,15316
3796,13027
3797,5859
3798,10883
3800,11488
3801,26766
3802,12477
3805,14392
3806,17265
3808,27563
3809,17583
3810,11409
3812,20989
3813,11812
3814,15185
3815,1151
3817,10095
3819,22417
3820,29943
3821,13582
3822,6683
3823,15790
3824,7355
3827,24006
3829,20316
3830,15737
3831,20972
3832,13947
3835,14249
3836,22015
3837,752
3838,16429
3839,22125
3840,13384
3841,16163
3845,21893
3846,22341
3848,21042
3850,10927
3851,13368
3852,12676
3853,20432
3854,12981
3855,20751
3860,24412
3862,16189
3866,19580
3869,9030
3870,15182
3871,21971
3872,9053
3873,3411
3876,14061
3877,6734
3878,15492
3879,26112
3880,16122
3881,8931
3882,2739
3883,21103
3886,8793
3887,29399
3888,21122
3889,14337
3890,17883
3891,19553
3892,21519
3893,19954
3894,17740
3895,163
3896,7399
3897,12313
3898,17267
3899,18672
3900,12841
3901,3924
3902,21517
3905,21640
3906,18231
3909,9388
3911,25186
3912,16038
3914,23177
3915,30242
3916,13166
3917,7125
3918,22619
3919,10449
3924,5795
3925,20626
3926,17623
3929,11667
3930,9886
3932,14167
3933,8562
3934,3694
3941,21789
3942,22264
3943,19208
3944,270
3945,21382
3946,9950
3947,17459
3949,18715
3950,14884
3951,18984
3952,6514
3954,20772
3955,28912
3957,15626
3958,10478
3959,5680
3960,5978
3961,13805
3962,7951
3963,9378
3964,10495
3967,26887
3968,21224
3969,16019
3970,21092
3971,25607
3975,15653
3976,17182
3978,20872
3979,9371
3982,6153
3983,18553
3984,20361
3985,9732
3986,28609
3988,20285
3989,18627
3990,8410
3991,14008
3992,27528
3993,6125
3994,19305
3996,18431
3998,22242
3999,15731
4000,22034
4001,13225
4002,13630
4003,10494
4004,7497
4005,18367
4006,13339
4007,29891
4010,14182
4013,15386
4014,10596
4015,16042
4016,19942
4019,2534
4020,21882
4022,20522
4023,22048
4025,13510
4026,16293
4027,16847
4028,11786
4029,17785
4031,10148
4032,30468
4033,1875
4034,23788
4035,1957
4038,19866
4039,23956
4040,8731
4042,11482
4043,15175
4044,19062
4045,21184
4046,9695
4047,3031
4048,10117
4049,11632
4051,16015
4052,10470
4053,10438
4054,24960
4055,13026
4056,13462
4058,14674
4060,4845
4062,2013
4064,19060
4065,18197
4067,2431
4068,20789
4069,25903
4070,9091
4071,10770
4072,15028
4073,10566
4074,20726
4075,30405
4076,29083
4077,2722
4078,11848
4082,12212
4083,21879
4084,8384
4085,18747
4086,18772
4087,16855
4089,17873
4090,14412
4091,10011
4093,17830
4096,16853
4097,19685
4099,16767
4100,10397
4103,11825
4104,19261
4105,19908
4107,10542
4109,16083
4111,4642
4112,13881
4113,19136
4114,27935
4115,2845
4116,21010
4118,480
4119,27165
4121,17739
4122,11032
4123,26558
4124,16324
4125,25674
4128,10464
4133,7693
4135,22089
4136,6308
4137,12561
4138,16861
4139,21178
4140,21588
4141,12790
4144,16164
4145,5976
4147,21091
4148,18780
4149,18104
4150,18427
4152,246
4153,11019
4155,17322
4156,19431
4158,20093
4159,13800
4160,18670
4161,11634
4162,9612
4163,21809
4164,20217
4165,16716
4168,9726
4170,20589
4171,10266
4175,19218
4177,14465
4178,21118
4182,15634
4183,22104
4184,17237
4186,20469
4187,19058
4188,10797
4189,5111
4190,22455
4192,1147
4193,2629
4194,12282
4195,16799
4198,18515
4200,19987
4201,18126
4202,6953
4203,13196
4204,25492
4206,15296
4207,17838
4208,4282
4210,21766
4211,28711
4212,16445
4214,8729
4216,20343
4219,14703
4220,18677
4221,1421
4223,17664
4227,18934
4228,15780
4229,16821
4230,30059
4235,3524
4236,29471
4239,33
4240,20395
4242,16467
4243,22181
4244,16369
4248,20544
4250,15625
4252,16316
4256,15955
4258,21464
4259,10992
4262,1396
4264,15755
4265,18213
4267,6176
4268,6587
4269,25673
4270,16828
4271,13671
4272,5605
4274,11029
4275,18065
4276,16599
4278,3435
4281,12565
4282,11410
4283,15347
4285,4877
4286,13304
4287,8209
4288,29515
4291,20581
4292,15141
4293,9878
4295,20682
4296,10642
4297,17485
4298,21973
4299,15172
4300,13879
4301,9898
4302,21357
4303,12446
4304,8468
4305,27851
4306,17615
4309,17076
4310,21336
4312,897
4314,19447
4315,21815
4316,9020
4317,18166
4318,18791
4319,20895
4320,21792
4324,10795
4325,20518
4326,25005
4327,17868
4328,5606
4329,2432
4330,11382
4331,15948
4332,7990
4333,17188
4334,26599
4335,18494
4336,15860
4338,12948
4339,18113
4340,20082
4342,14379
4350,17737
4351,15827
4352,17220
4353,18661
4354,18566
4355,10502
4358,17215
4359,17294
4360,15435
4361,19887
4362,14170
4363,7547
4365,27137
4366,22043
4367,18681
4368,4120
4369,9399
4370,15779
4371,10015
4374,22548
4375,15994
4376,13061
4377,4267
4378,4388
4379,18020
4380,24164
4381,6888
4382,16547
4383,15869
4384,1502
4385,15708
4386,21089
4387,22450
4388,4385
4389,15809
4390,13880
4391,19533
4392,16794
4393,21221
4397,13877
4401,11131
4404,13025
4407,10808
4408,9413
4409,10794
4411,14196
4412,2913
4413,8584
4414,2719
4415,19099
4416,20638
4417,18061
4420,10253
4421,19145
4422,1394
4424,20891
4428,18823
4432,22009
4433,3873
4434,10832
4435,1999
4436,18331
4439,12211
4440,21507
4441,10988
4442,5084
4444,15647
4445,16766
4446,8595
4447,5881
4448,21697
4450,14800
4451,24346
4452,23389
4453,20462
4454,22622
4455,11406
4456,12411
4458,15747
4460,20456
4463,4727
4464,14712
4466,8828
4467,17963
4468,12768
4469,21808
4470,20929
4471,14903
4472,9003
4474,17723
4475,14865
4476,21501
4477,16017
4478,21843
4480,23457
4483,14741
4484,1764
4487,4648
4488,10045
4489,20874
4491,25973
4492,18552
4493,18369
4495,21245
4496,20142
4498,1010
4499,17001
4500,24237
4503,16523
4504,12065
4505,24860
4507,15415
4508,28487
4509,21990
4510,22334
4511,18551
4512,14639
4513,28221
4514,17376
4515,19124
4516,27065
4519,17266
4520,19159
4521,9202
4524,21285
4525,11175
4526,3554
4527,13512
4528,21457
4529,23391
4530,23593
4531,13289
4533,19790
4534,16508
4535,20017
4536,1145
4539,18490
4541,5207
4542,21987
4543,21000
4544,15314
4545,22464
4548,2711
4549,19901
4550,19515
4553,30404
4554,23630
4555,22499
4556,15060
4558,12285
4559,18298
4560,26516
4561,8185
4562,16085
4563,4419
4565,9633
4566,22868
4567,318
4569,21060
4570,19977
4571,16120
4572,12160
4573,19562
4575,3202
4576,28424
4577,24464
4578,13758
4579,15872
4580,21050
4581,8612
4582,6520
4584,19803
4588,16367
4589,455
4590,19397
4591,13066
4592,18533
4593,15051
4594,19648
4595,22198
4596,22680
4597,20614
4598,19332
4599,21995
4600,17279
4601,1107
4602,19394
4604,21141
4605,20796
4608,15670
4609,19732
4610,22535
4612,7091
4614,25579
4615,13301
4616,1232
4618,18561
4619,22192
4620,16526
4621,10394
4626,4841
4627,25951
4628,12547
4629,20297
4630,18895
4631,8368
4632,13785
4633,22030
4636,13194
4638,10880
4640,17726
4641,22209
4642,2717
4643,20613
4644,10641
4645,18005
4646,16976
4647,13337
4648,2909
4649,15837
4650,15256
4651,10412
4652,18012
4653,12063
4655,20143
4657,4380
4660,5053
4662,13691
4663,18046
4664,17465
4665,12644
4669,19576
4670,24141
4672,20198
4673,599
4675,7087
4676,18335
4677,9694
4678,22263
4679,10263
4681,19516
4683,12004
4684,12556
4686,24224
4687,16896
4688,10829
4689,5493
4691,13050
4692,3508
4693,10492
4694,4058
4695,24463
4696,19926
4697,8054
4698,2625
4699,15253
4700,12364
4701,12361
4702,15987
4703,18438
4704,15951
4706,19255
4708,25791
4709,21988
4710,20871
4711,8791
4712,14455
4714,21040
4716,3308
4717,16649
4718,11018
4719,20998
4720,16401
4721,19004
4724,14812
4725,21059
4727,15751
4729,16053
4730,22159
4732,9693
4733,16916
4734,23137
4735,18516
4736,11176
4742,19130
4743,16142
4745,22833
4746,22949
4748,8009
4749,19493
4750,19221
4752,22544
4753,19683
4754,10398
4756,13297
4757,19108
4758,8279
4760,12900
4761,13614
4762,3410
4763,10928
4764,8668
4765,5189
4767,13091
4771,16442
4772,15370
4773,15215
4775,22443
4777,11484
4778,25672
4780,5489
4783,14227
4786,24692
4788,1471
4789,29117
4790,11837
4791,18023
4792,20380
4793,20985
4796,12583
4797,19276
4800,26526
4803,17867
4807,1453
4808,18512
4809,19175
4810,9502
4813,9199
4814,12001
4815,15562
4816,16846
4817,21986
4818,13803
4819,17033
4820,26838
4821,11891
4822,16108
4823,20951
4824,22013
4825,30402
4827,12037
4830,20104
4832,17581
4833,5487
4834,27491
4835,17320
4837,18563
4838,21255
4840,14435
4841,21360
4842,15254
4843,18106
4846,14276
4847,11563
4848,23180
4849,20955
4850,19873
4851,17386
4852,7829
4853,10640
4854,1449
4855,9870
4856,22258
4857,12097
4859,19285
4860,9911
4861,28881
4862,8291
4863,16118
4864,26394
4867,14792
4868,22377
4870,19462
4871,19339
4872,14752
4874,10828
4875,15193
4876,21342
4877,25952
4878,8689
4879,22328
4881,21653
4882,17825
4883,21663
4886,11976
4887,13849
4888,11241
4890,21260
4891,12801
4892,20863
4893,15208
4894,1447
4895,18366
4899,18975
4900,11178
4901,17738
4903,9309
4904,11128
4907,20327
4909,7821
4910,9936
4911,3491
4912,18282
4913,5812
4914,18351
4916,15375
4918,12263
4919,22471
4920,9869
4921,20260
4922,21052
4923,19631
4924,6038
4926,14183
4927,14470
4929,20068
4930,20387
4932,4609
4933,18682
4934,15631
4935,6938
4937,9216
4938,19828
4939,17325
4942,22435
4947,8590
4948,24514
4949,21424
4950,13888
4951,19761
4954,10849
4960,19912
4961,15450
4962,8822
4963,14826
4964,18022
4965,17278
4966,17695
4968,10634
4969,21299
4970,20187
4971,25946
4972,10689
4974,20127
4975,18492
4976,25468
4977,20447
4978,18625
4979,13754
4980,6197
4981,10965
4982,14152
4983,11209
4984,21241
4986,6306
4987,19577
4988,13599
4989,15744
4991,13857
4993,12245
4994,3017
4995,19093
4996,10826
4997,9063
4999,7592
5000,1789
5002,8315
5004,23217
5006,17163
5008,5874
5009,29510
5010,10991
5014,14630
5015,20968
5017,18863
5018,7544
5020,21137
5021,10042
5023,29981
5024,12006
5025,17999
5026,9242
5027,24066
5029,10668
5030,1588
5032,14336
5034,20680
5035,7294
5036,9370
5038,2790
5039,27628
5040,17779
5041,17976
5042,11238
5043,19286
5044,9327
5045,10518
5046,16971
5047,8206
5048,21737
5049,30442
5050,12237
5053,23064
5055,19502
5056,16002
5057,17859
5058,5451
5059,19171
5060,25223
5061,18989
5062,8270
5063,20357
5064,2905
5066,2666
5067,22676
5068,27293
5069,13269
5070,748
5071,10196
5072,18507
5073,8466
5076,2256
5077,3375
5079,14791
5081,15184
5082,12896
5083,4610
5084,17480
5085,17775
5086,13088
5088,21914
5089,10798
5090,3183
5091,12132
5092,10231
5095,3248
5096,13341
5097,8871
5098,20411
5099,21356
5101,22608
5104,30239
5105,13460
5106,21591
5107,20986
5109,18986
5110,22249
5111,17280
5112,18100
5113,13549
5114,12633
5115,16422
5116,10482
5117,19523
5119,18523
5120,29183
5123,28350
5126,19601
5127,21307
5128,15854
5129,21058
5130,22157
5132,27848
5134,22038
5136,17907
5138,19643
5139,27849
5140,15078
5141,16188
5142,15728
5144,11397
5145,17343
5146,19425
5147,7545
5148,16428
5149,9639
5150,18049
5152,16955
5153,24912
5154,12726
5155,24659
5157,22075
5160,16030
5161,14434
5162,12708
5163,7826
5164,3021
5165,14730
5168,14073
5169,19132
5172,11011
5173,17707
5175,21646
5176,8749
5177,22178
5178,16138
5181,10558
5183,4091
5184,20233
5185,15065
5187,23979
5188,12279
5192,13669
5193,14464
5195,20103
5197,21677
5198,13198
5199,2221
5200,19325
5202,5757
5203,9200
5206,9131
5207,8406
5210,24662
5211,5959
5213,14156
5214,2782
5216,17674
5218,27463
5219,21165
5220,19324
5221,13618
5222,20126
5223,11609
5224,23549
5226,13019
5227,21874
5228,21860
5229,21236
5234,17536
5235,19455
5236,25003
5237,26596
5238,25149
5239,19028
5240,15973
5241,26210
5244,18884
5245,5512
5246,16918
5247,14758
5248,10469
5249,12003
5250,7621
5251,22279
5254,20860
5255,20350
5256,9777
5257,11
5259,20661
5260,13097
5261,12412
5264,21053
5265,12031
5266,12736
5267,26557
5268,17212
5269,22402
5270,20296
5272,21729
5275,11418
5276,16906
5277,21041
5280,21824
5281,9948
5283,11607
5285,12558
5286,7904
5287,13558
5290,1785
5291,18082
5292,8203
5293,28517
5295,21764
5296,29935
5299,15735
5301,26637
5303,18327
5304,23305
5305,7906
5306,16548
5308,13901
5309,23419
5311,18568
5313,27746
5315,19463
5317,20229
5318,15676
5320,13240
5321,1383
5322,12323
5323,13474
5324,13650
5325,9909
5326,21784
5327,16597
5328,18841
5329,21265
5331,15009
5332,17736
5333,9082
5334,17964
5336,1867
5338,9383
5339,22106
5341,3372
5342,8747
5343,7573
5345,13640
5346,20930
5347,8058
5348,19952
5349,24327
5351,17017
5352,3488
5354,13667
5355,18877
5357,15077
5358,28701
5359,8776
5360,18483
5365,18607
5366,21358
5368,12320
5369,11596
5370,18903
5371,22082
5372,11585
5373,14072
5377,19909
5378,25292
5379,16223
5380,11888
5382,13085
5383,21284
5385,4608
5386,2777
5388,14876
5389,11564
5390,8662
5391,16532
5393,20928
5394,22952
5395,19343
5396,18326
5397,2207
5398,11177
5399,14638
5401,20632
5404,15516
5405,13598
5406,23813
5409,191
5410,372
5411,7586
5412,22265
5414,19304
5415,26796
5416,18088
5417,16423
5419,3806
5420,3015
5421,18142
5422,15612
5423,17905
5424,18435
5425,28222
5426,15863
5427,14829
5429,21994
5430,9323
5432,17705
5433,8120
5434,19905
5436,12927
5437,4565
5438,2901
5439,21182
5440,22033
5442,1716
5444,20458
5445,1228
5446,24065
5447,21645
5449,19257
5450,15914
5451,6199
5453,16545
5456,6420
5457,8465
5458,13237
5460,20415
5461,7298
5462,18993
5464,21497
5465,20961
5466,22308
5467,9071
5468,4824
5469,18952
5471,21258
5472,22241
5474,7419
5475,4933
5476,13115
5478,3683
5481,17264
5482,18283
5483,15310
5485,17263
5486,18657
5487,15629
5489,19955
5490,6032
5491,20834
5492,20282
5493,26972
5494,14955
5495,16880
5496,13001
5497,6812
5498,10793
5500,21589
5501,22151
5503,15992
5505,27026
5507,19552
5508,24215
5509,10633
5511,6144
5514,25890
5515,18639
5518,5249
5520,13685
5521,18211
5523,17632
5525,43
5529,19919
5536,19160
5537,18121
5538,15272
5539,12618
5540,21878
5541,2721
5542,23063
5544,16908
5547,1901
5548,15373
5549,9937
5550,3251
5552,22821
5553,15716
5554,28484
5555,13136
5556,10359
5557,23809
5558,11721
5560,25412
5561,23175
5562,1543
5564,13655
5565,6216
5566,24756
5567,16315
5568,4411
5569,10134
5570,24317
5573,11994
5577,14212
5578,15635
5579,21602
5580,20437
5582,23875
5583,17880
5584,8177
5585,20858
5586,4408
5588,27501
5589,8346
5590,19499
5591,21140
5592,26442
5593,22316
5594,13507
5595,11115
5597,17982
5598,16987
5599,17856
5600,14396
5601,27802
5602,14281
5607,29432
5608,17912
5611,8202
5612,27246
5613,12752
5614,19694
5615,8711
5616,29
5618,19341
5619,14526
5621,1534
5622,4043
5623,5511
5624,22603
5629,20623
5631,22438
5632,5514
5633,16159
5634,23508
5635,14101
5636,17209
5637,6836
5640,15209
5641,8267
5642,29674
5643,20856
5647,11718
5649,15512
5653,17690
5655,14378
5658,15654
5659,30054
5660,18982
5661,21590
5663,11629
5664,7922
5665,11815
5668,11078
5669,22378
5670,18329
5671,24312
5672,1628
5675,22269
5677,22240
5678,15652
5680,19173
5682,28527
5683,20855
5685,13287
5686,2661
5687,18541
5688,11074
5689,19264
5690,13637
5692,14433
5695,17878
5697,17232
5699,2563
5700,19801
5701,23884
5702,13958
5703,16267
5704,14151
5706,4563
5708,11025
5709,12997
5710,12922
5712,5094
5713,469
5714,30109
5715,17407
5716,18072
5719,11866
5721,1442
5723,20587
5725,3486
5726,17286
5728,11402
5730,13831
5731,25865
5732,23209
5734,14275
5740,20386
5742,13816
5743,602
5748,19219
5749,4039
5750,20970
5752,8235
5754,14071
5756,15066
5758,17672
5760,9805
5761,1713
5762,9028
5763,14652
5764,15950
5769,24040
5770,13952
5773,15138
5774,920
5775,15742
5776,26041
5777,21880
5779,17285
5780,18781
5781,15614
5782,16543
5783,21707
5785,8314
5786,1444
5787,19880
5788,21709
5789,16948
5790,11027
5791,3370
5793,30581
5794,21388
5795,21036
5796,14655
5797,16237
5798,19566
5799,20303
5800,8233
5801,21147
5803,18101
5804,20947
5807,17319
5808,16430
5809,16285
5810,22414
5813,13530
5814,21703
5815,10733
5816,17855
5818,3801
5819,20767
5820,18280
5821,18594
5825,6809
5827,19558
5828,22566
5829,14756
5830,9173
5831,11627
5832,15281
5833,19895
5834,16046
5835,1440
5841,15269
5844,14000
5845,17578
5846,17532
5847,2612
5852,20715
5853,21972
5855,12428
5857,19737
5858,27272
5859,10626
5860,15349
5861,17988
5863,10985
5865,30609
5871,13597
5873,20418
5874,19172
5876,19574
5878,10594
5879,20806
5880,16060
5883,30324
5886,20869
5887,17516
5890,20101
5891,21960
5893,28220
5894,11971
5895,6414
5896,18882
5897,28324
5898,13465
5899,22101
5901,20465
5902,19474
5903,18070
5904,9393
5905,9882
5906,21827
5907,4620
5909,1948
5910,25114
5911,9017
5912,18209
5913,22191
5914,16399
5915,13185
5917,16624
5918,9244
5920,16595
5921,9566
5924,16940
5925,26590
5927,14236
5928,8244
5929,21913
5930,12557
5935,3800
5936,5696
5938,20804
5939,19016
5940,21219
5941,21647
5945,28325
5946,1987
5947,14452
5950,8264
5951,21884
5953,20567
5955,20738
5957,17136
5958,13843
5959,21079
5960,11228
5961,1318
5962,23707
5963,3164
5964,20140
5965,17974
5966,22562
5968,17703
5969,13220
5971,5551
5972,22468
5973,18954
5975,21692
5976,14534
5977,17956
5978,8094
5979,12491
5980,4767
5981,24438
5982,13613
5984,6805
5985,2857
5987,11416
5990,9026
5991,24941
5992,25624
5993,13506
5995,18277
5996,8769
5999,14058
6000,21410
6001,12690
6002,28683
6003,17481
6004,5378
6006,13235
6008,18400
6009,14335
6011,17826
6012,6564
6013,16158
6014,10435
6015,9986
6017,27960
6018,18919
6020,10637
6022,15792
6023,28624
6024,16190
6025,17823
6026,1173
6027,6669
6028,20023
6029,22072
6031,27074
6032,16538
6033,11788
6034,9949
6035,30211
6037,22114
6039,9753
6042,2216
6045,23126
6047,17192
6049,2802
6050,21007
6051,26230
6054,18637
6055,17312
6056,21558
6058,16672
6059,11172
6060,6141
6061,9172
6063,17466
6064,20051
6066,5267
6067,19616
6069,6605
6070,12628
6072,18558
6073,20776
6074,8450
6075,17966
6076,28035
6079,14531
6080,6239
6082,11569
6083,10663
6084,11770
6085,20768
6086,20969
6087,16387
6089,19860
6090,12141
6091,1717
6092,19248
6093,14502
6094,14251
6095,7389
6096,13594
6097,21661
6098,21600
6099,6278
6100,9204
6101,11878
6102,18048
6103,20531
6104,6580
6105,21128
6106,19090
6107,16541
6108,20453
6109,17909
6110,14965
6112,3527
6113,8548
6114,15439
6115,13505
6116,19024
6117,18317
6118,13317
6120,18182
6121,18006
6123,18921
6124,19211
6125,15640
6126,16233
6127,19742
6129,15414
6130,17311
6131,24584
6135,4179
6136,20579
6137,12280
6138,14841
6139,21604
6140,2210
6142,1252
6143,24209
6144,20850
6145,13746
6146,13256
6147,17601
6148,11360
6149,6186
6150,14078
6151,28567
6152,12967
6153,15867
6154,26956
6155,18111
6156,21836
6159,14522
6161,26760
6162,18186
6163,28544
6164,16960
6166,21163
6168,8857
6170,8974
6171,1891
6173,650
6175,17763
6176,10861
6177,19575
6178,19872
6180,13657
6181,25441
6184,19838
6185,19511
6186,19319
6190,17902
6191,18236
6194,28407
6195,16531
6196,19640
6197,18524
6199,24563
6201,14731
6202,18621
6203,11844
6204,18840
6205,20585
6207,20621
6209,15056
6210,20557
6212,9622
6213,4559
6214,21805
6215,23679
6216,16596
6219,14808
6220,6834
6224,12784
6228,1981
6229,20722
6230,8721
6231,25143
6233,28207
6234,15440
6235,21835
6236,18603
6237,16989
6238,19284
6239,12239
6240,4037
6241,5877
6242,16450
6243,4055
6245,25480
6246,20438
6247,22454
6248,11170
6249,9600
6251,21847
6252,2823
6253,20756
6254,19390
6255,20885
6257,16466
6258,19607
6259,22329
6261,20698
6264,13767
6267,4310
6268,19267
6269,25524
6270,9198
6271,2716
6273,21726
6274,4364
6277,19070
6279,30529
6280,12969
6281,8016
6282,20444
6285,11845
6286,21440
6287,2772
6291,18942
6294,14954
6295,13999
6296,9374
6297,17525
6299,15513
6301,20574
6302,1092
6303,5961
6304,17978
6306,9491
6309,15571
6310,13
6311,20384
6313,13279
6314,7689
6315,1289
6316,16775
6317,20737
6320,20163
6321,17339
6322,14333
6323,13058
6324,10551
6327,28898
6329,19140
6331,15430
6332,7611
6333,21846
6334,21227
6335,5506
6336,26947
6338,14223
6339,5507
6340,21065
6341,13936
6342,14417
6344,22071
6346,10918
6347,18581
6348,16385
6349,16080
6350,17643
6351,29934
6352,7800
6353,25945
6354,5891
6355,19544
6356,10261
6357,2474
6359,24264
6362,17138
6363,20521
6365,12062
6366,19337
6367,14411
6368,13305
6369,11171
6370,9925
6372,4737
6373,19443
6374,11865
6376,8766
6377,8445
6378,20
6382,7871
6384,21743
6386,8891
6387,19126
6388,10666
6390,17305
6391,18212
6392,9942
6393,18240
6396,12669
6397,926
6398,26386
6400,18398
6401,21690
6402,16115
6403,18601
6405,7074
6407,1528
6408,5314
6409,20416
6410,17575
6415,934
6416,4603
6417,14390
6418,17992
6419,10350
6420,20763
6421,11466
6422,11353
6424,13365
6425,22093
6427,25942
6429,21791
6430,28157
6431,5953
6432,13051
6433,19331
6434,5670
6435,16621
6436,15646
6438,5954
6440,20371
6441,21437
6442,12012
6445,17981
6446,14529
6447,15084
6448,4178
6450,9196
6453,19363
6454,30605
6455,27380
6456,8564
6458,20925
6459,12554
6461,21086
6463,3653
6464,12515
6465,19736
6467,26332
6468,18133
6469,15413
6470,20408
6472,14538
6474,13156
6476,11819
6477,13172
6478,5236
6481,18583
6483,1661
6484,27702
6485,15944
6486,2209
6487,14133
6488,15664
6489,13454
6490,30162
6493,29610
6498,17694
6501,219
6502,21160
6503,25290
6504,20066
6505,17336
6506,9907
6507,20001
6508,16257
6510,21295
6511,26534
6512,9930
6513,19415
6514,15366
6516,3900
6518,17174
6519,29887
6522,28625
6523,21476
6524,4798
6525,5311
6526,18710
6527,14695
6530,14104
6531,13313
6532,13364
6533,25418
6534,17714
6536,8309
6537,19789
6539,13951
6544,7519
6545,15718
6546,19627
6548,22528
6549,10290
6550,10116
6551,312
6552,7632
6554,22250
6560,13238
6561,18659
6563,12072
6564,20889
6566,12763
6567,20014
6568,8723
6570,23122
6573,17629
6574,14622
6575,29766
6578,25773
6580,9024
6583,68
6589,20533
6597,13665
6598,17928
6599,9435
6600,16879
6601,17660
6602,26684
6603,17588
6605,21968
6606,21668
6607,21072
6608,6192
6609,21672
6611,7038
6613,18927
6614,17180
6617,1929
6619,13970
6620,20610
6621,20586
6623,15344
6624,15474
6627,1093
6628,18811
6629,12495
6630,22481
6631,17980
6634,21494
6636,12198
6638,19997
6640,15761
6642,12255
6643,28402
6644,11260
6645,21006
6647,7384
6648,18473
6649,17598
6650,19239
6651,13500
6652,17533
6653,22340
6655,20848
6656,10036
6657,12670
6658,14298
6659,16753
6660,15730
6662,17137
6663,17512
6664,21936
6667,12278
6668,14751
6670,18918
6671,18433
6672,1435
6673,17275
6674,15665
6675,11230
6676,30070
6677,16376
6679,2372
6680,9023
6684,19089
6685,2196
6686,29889
6687,12987
6688,16259
6689,14164
6691,17380
6692,16498
6693,17950
6694,26277
6695,13377
6697,22087
6698,23705
6699,18521
6700,18250
6702,1351
6703,13764
6704,13553
6705,19594
6706,17147
6707,16689
6708,19840
6710,15106
6711,17493
6712,13182
6714,21120
6715,20121
6716,580
6717,16859
6718,21571
6719,6930
6720,10664
6721,8700
6722,18452
6724,10240
6725,20967
6726,19488
6727,13299
6728,11811
6729,11785
6730,19263
6731,4327
6733,16025
6734,20309
6738,10986
6740,17761
6741,19055
6743,4949
6744,30441
6746,12184
6747,12926
6748,8442
6749,15190
6750,29346
6751,6565
6753,3787
6754,22244
6756,12733
6758,22950
6760,27817
6761,18110
6762,23866
6763,4599
6764,16063
6766,13664
6767,18617
6771,20090
6772,30526
6774,17013
6775,11163
6776,12469
6777,18410
6778,22737
6779,14607
6780,12864
6781,19695
6782,20832
6784,13217
6785,16931
6786,22289
6787,16813
6788,10685
6789,27796
6794,14653
6795,21531
6798,17510
6799,6801
6800,20487
6801,21463
6802,21644
6803,773
6804,20284
6805,23805
6806,10366
6808,15741
6809,8962
6810,18123
6813,18591
6815,18692
6817,14431
6818,13943
6819,29783
6820,12481
6821,3406
6822,20684
6823,18504
6824,19641
6826,11542
6827,16791
6828,28511
6829,30318
6830,19428
6831,7683
6832,8570
6834,20960
6835,24397
6836,10353
6837,22335
6838,11579
6839,19472
6844,3837
6845,18641
6846,12711
6847,20156
6848,26633
6849,14050
6850,16128
6851,15847
6852,22386
6853,10237
6854,18567
6855,23055
6856,13310
6857,12782
6858,14687
6860,13243
6861,9069
6862,17735
6863,19787
6864,19230
6865,18067
6866,11650
6869,18951
6870,12102
6871,26122
6872,11625
6874,18635
6875,18328
6877,20406
6878,25067
6879,15683
6881,11939
6882,11810
6883,19185
6885,14069
6886,17207
6887,13346
6888,20405
6890,19228
6894,20846
6895,16965
6896,22495
6897,15064
6898,28100
6899,27055
6900,13231
6902,19071
6903,18579
6904,19964
6905,3829
6906,28015
6907,8434
6908,17355
6909,14952
6910,21201
6911,20743
6913,16368
6914,25891
6916,12196
6917,18723
6918,4046
6919,16830
6920,16222
6921,19961
6922,18493
6923,14949
6925,22085
6926,14477
6927,18571
6928,15580
6929,10871
6931,25605
6932,25786
6934,28095
6935,22546
6936,18997
6937,12206
6938,14554
6939,7515
6940,16152
6941,8926
6942,12467
6943,16714
6946,22332
6948,19429
6949,7801
6950,17175
6952,16617
6953,18306
6954,13150
6955,11358
6956,9195
6957,9182
6961,11559
6962,13475
6965,11395
6967,22735
6968,5379
6969,17876
6970,7009
6971,12696
6972,10603
6973,11644
6974,10135
6975,19092
6976,16671
6977,28297
6981,19917
6982,19590
6983,17499
6984,16713
6987,13814
6989,14085
6990,17260
6991,16587
6993,12780
6994,9064
6995,13557
6996,13133
6997,12772
6998,8077
6999,22012
7000,29207
7002,20162
7003,13681
7004,15053
7005,12029
7006,20805
7007,21863
7008,19528
7009,28623
7010,16537
7012,17273
7013,778
7016,18032
7018,13096
7019,22171
7020,21599
7023,13086
7024,20436
7025,20452
7026,20636
7027,4546
7028,17445
7029,26279
7030,13221
7032,10820
7033,14823
7036,19139
7037,1070
7039,12197
7040,18180
7042,22364
7044,12858
7045,25884
7046,296
7047,17560
7048,915
7049,15309
7053,10461
7054,22423
7056,21170
7057,4817
7059,22113
7062,18950
7063,6825
7064,8705
7066,6707
7067,22103
7069,17613
7070,18064
7071,8228
7073,12069
7074,9363
7075,17972
7076,19949
7079,22221
7080,5328
7083,13406
7084,18300
7085,18742
7086,27999
7087,17173
7089,11042
7090,21682
7091,9904
7092,21733
7093,16221
7094,23725
7095,7996
7097,11233
7098,20879
7099,17443
7101,21249
7102,20615
7104,29856
7105,7047
7106,20356
7109,28300
7110,16165
7111,21759
7112,21273
7115,2108
7116,14555
7117,19485
7118,18763
7119,18460
7120,7539
7122,13083
7123,21399
7124,28198
7125,20050
7126,28652
7129,18093
7130,19250
7131,20213
7132,19283
7134,11624
7135,16996
7136,15738
7137,9676
7139,13876
7142,1926
7144,11229
7145,11256
7147,9102
7148,19707
7153,18802
7154,3
7155,5571
7156,22280
7157,11592
7158,16755
7161,27447
7162,24027
7164,15932
7166,5361
7168,16818
7169,12541
7170,12049
7171,14105
7172,8585
7174,22519
7175,25255
7176,20481
7177,20658
7178,21116
7179,18396
7180,9381
7181,20612
7182,22395
7183,16789
7184,13290
7185,17135
7186,16198
7187,14650
7188,12667
7189,13828
7190,22145
7191,19822
7193,23048
7195,20592
7197,21487
7198,21063
7199,16809
7200,20980
7202,24604
7203,14813
7204,12048
7205,16985
7207,17521
7208,21955
7209,3285
7210,27471
7211,21143
7213,19156
7214,6541
7216,15079
7219,4947
7220,4458
7221,22358
7222,22542
7223,16893
7224,14839
7225,27893
7226,21866
7227,27993
7228,25090
7229,18979
7231,7747
7232,4242
7234,11879
7236,20045
7239,333
7241,17894
7242,20595
7243,4019
7244,20498
7245,21152
7247,22421
7248,21823
7249,13592
7250,20078
7251,19245
7254,20383
7255,22304
7257,16406
7258,21076
7259,12797
7260,16614
7263,16327
7264,8610
7266,3856
7267,19358
7268,13271
7269,6660
7270,18522
7272,16719
7274,11193
7275,14427
7276,21746
7279,19899
7280,17852
7281,29578
7283,22307
7284,12951
7287,20363
7288,20690
7289,8462
7290,6161
7291,22208
7292,28435
7293,11567
7294,9927
7296,19551
7298,18276
7299,20808
7300,16455
7301,16915
7302,12918
7304,20669
7305,17234
7306,11839
7307,22538
7308,22238
7310,21421
7311,13107
7312,8649
7316,21315
7318,21997
7319,17542
7320,19176
7321,21500
7322,25756
7323,13288
7325,21547
7326,16999
7329,19256
7330,10404
7331,27750
7333,18394
7334,19808
7335,22029
7336,21691
7337,12224
7340,12457
7341,18204
7342,20851
7343,28650
7344,16803
7345,17874
7347,27841
7348,26632
7349,19593
7350,18655
7351,3852
7352,11041
7354,10759
7355,12684
7356,10213
7357,20000
7358,2798
7359,17733
7360,8307
7361,10887
7362,12580
7364,19073
7367,18279
7368,16927
7369,1610
7370,27390
7372,30122
7374,5307
7375,14163
7376,16312
7377,20844
7378,22973
7379,17143
7381,30160
7383,12052
7384,16982
7385,15343
7386,9673
7387,5640
7391,7332
7392,21446
7393,19839
7394,21482
7395,22088
7396,21607
7397,20718
7398,16913
7399,19836
7400,16464
7401,11109
7402,12084
7403,12965
7405,18653
7406,19413
7407,5309
7410,5946
7411,5895
7413,18510
7414,12489
7416,11438
7417,18769
7418,18937
7419,17160
7423,20603
7425,809
7426,20826
7427,9583
7428,16998
7433,15946
7434,30361
7435,29930
7436,18208
7437,9068
7438,16195
7439,22297
7441,27088
7442,21405
7443,11013
7444,19381
7445,19630
7446,21085
7447,1667
7448,25402
7449,10740
7450,19199
7451,6736
7452,10099
7453,21158
7454,1273
7456,23603
7458,2800
7459,20994
7461,30016
7463,8199
7465,14700
7466,4578
7467,15729
7468,20608
7470,19377
7471,13547
7474,9790
7475,19797
7476,17442
7477,5879
7479,18207
7480,19567
7481,2815
7482,9586
7483,12992
7484,5641
7486,22368
7487,30394
7488,1115
7489,27658
7490,18675
7491,13566
7493,10406
7494,16213
7495,6193
7496,16724
7498,19922
7499,11247
7500,19013
7501,8394
7502,7061
7503,14970
7504,3563
7505,14647
7506,21179
7507,20404
7508,9597
7509,12199
7511,20421
7517,13972
7518,27431
7519,15104
7520,21861
7521,15236
7522,15365
7523,17179
7524,2929
7525,17949
7526,12532
7527,15384
7528,9926
7529,9929
7530,14068
7532,17712
7533,21749
7534,10582
7535,28553
7536,18434
7538,7794
7539,20348
7540,18068
7541,19338
7542,20139
7543,22533
7544,22449
7545,13872
7546,13376
7550,17900
7552,16604
7553,8604
7556,24531
7557,22424
7559,18412
7560,20530
7561,9978
7562,16912
7564,7051
7567,10281
7568,21526
7570,7366
7571,30599
7572,9040
7573,17342
7576,16475
7579,16113
7580,12819
7582,22095
7583,20137
7584,15666
7586,12234
7587,11249
7588,13635
7591,17310
7595,22080
7596,21954
7597,1102
7598,8083
7599,17010
7600,11138
7602,21252
7605,4326
7606,28659
7607,17702
7608,30315
7610,21621
7611,22078
7612,15023
7614,21719
7615,5540
7617,23718
7618,10509
7619,18350
7620,12195
7621,20483
7622,16481
7623,17269
7624,20442
7625,19329
7627,28916
7628,14553
7629,16995
7631,17612
7632,26783
7633,16148
7634,14013
7636,14326
7638,22220
7639,7468
7640,4760
7641,4207
7643,5020
7644,15014
7645,21114
7646,25642
7647,28743
7649,10235
7650,27523
7651,15628
7652,17770
7653,12060
7654,11432
7655,21821
7656,11992
7659,5185
7660,16525
7661,17194
7663,26244
7664,20939
7666,26118
7668,3994
7670,21518
7671,20199
7672,20125
7673,25558
7674,6003
7676,25056
7677,22668
7678,19362
7679,8967
7680,10071
7684,21334
7685,30271
7687,16528
7688,12423
7689,13534
7690,18465
7691,15596
7692,15740
7693,25249
7695,4105
7696,15705
7697,26418
7700,17682
7702,18248
7705,21657
7706,26629
7708,18938
7709,22136
7711,18981
7712,12985
7713,20319
7714,16894
7716,9543
7717,17506
7718,14220
7719,26758
7721,16874
7724,92
7725,13907
7727,17557
7728,19282
7729,21341
7730,18785
7731,20827
7734,17973
7735,5872
7736,14520
7737,18077
7743,14391
7745,19321
7746,17441
7747,24196
7750,9236
7751,13603
7753,22008
7755,14051
7756,21614
7757,4555
7758,17558
7762,18678
7763,22451
7764,21230
7766,21982
7767,20708
7769,17149
7770,16542
7771,21353
7773,14332
7774,18535
7775,20935
7776,20091
7778,19564
7780,19536
7781,13183
7783,17157
7784,4970
7785,14998
7786,18615
7787,18450
7791,11886
7793,20397
7795,19881
7796,5072
7798,3782
7799,21462
7800,20814
7804,14807
7805,17222
7806,28368
7808,27442
7809,18253
7810,18056
7811,19069
7812,20824
7813,20668
7815,22079
7816,21941
7817,13596
7818,22026
7819,21355
7821,5442
7822,16515
7823,18292
7825,3975
7826,29722
7827,15133
7828,22437
7830,16026
7831,6824
7832,28200
7833,12771
7834,12682
7835,23950
7839,17007
7840,13295
7841,5163
7842,19998
7844,15814
7845,8603
7846,19813
7848,12025
7849,30277
7850,7814
7853,20900
7854,21739
7855,20011
7856,30015
7857,17945
7862,3112
7864,19464
7865,20792
7866,25220
7867,16465
7868,13065
7869,15663
7870,6155
7871,7812
7874,29342
7875,15059
7876,11930
7877,11515
7879,1701
7880,17984
7881,18242
7883,19035
7885,5538
7886,14114
7887,4471
7889,20455
7891,25089
7892,4584
7898,27196
7900,28758
7903,15132
7906,8920
7908,21779
7909,20942
7910,20637
7912,19692
7913,21134
7914,9258
7915,11537
7916,17614
7917,15052
7918,2685
7919,21075
7921,22352
7922,8163
7923,18586
7924,17087
7926,19235
7927,6251
7928,18296
7930,19818
7931,13311
7932,22560
7933,30482
7934,21069
7935,4137
7936,19122
7938,17189
7939,29670
7940,14410
7941,16860
7943,17156
7945,15483
7946,8919
7947,11860
7948,18582
7949,16801
7950,2101
7951,18991
7953,29252
7955,28164
7957,18614
7958,30105
7960,13180
7964,19796
7965,16593
7966,22381
7968,29155
7969,902
7970,20336
7971,10462
7972,19486
7973,9208
7974,10234
7975,20344
7976,21889
7978,19629
7979,22111
7980,5537
7981,20212
7982,14699
7984,6409
7985,25087
7986,21419
7989,15579
7990,17178
7993,16514
7995,24725
7996,15218
7998,12665
8000,16363
8002,4913
8003,11962
8005,19658
8006,8443
8007,20794
8009,6160
8010,9755
8011,15013
8012,8305
8013,2684
8015,18695
8017,10430
8018,10737
8020,11587
8021,21159
8022,13072
8024,10476
8025,18859
8026,14762
8027,21819
8028,18230
8029,15338
8036,16966
8038,18161
8039,18814
8040,5595
8042,22100
8043,13591
8044,12254
8046,7646
8048,12727
8051,12219
8052,19265
8053,27720
8054,17862
8057,17513
8058,20294
8059,15701
8060,8719
8061,3032
8064,17497
8066,21659
8067,12553
8068,8118
8071,22083
8072,27439
8073,4938
8074,16926
8075,11377
8076,7226
8077,20290
8081,27645
8082,26920
8083,20183
8084,23365
8086,20679
8087,26917
8088,1920
8089,21675
8094,26233
8095,17577
8096,7335
8097,19636
8098,23287
8100,17961
8101,13049
8103,14432
8107,26287
8109,13312
8110,30358
8111,17417
8112,18565
8113,17241
8114,19771
8115,11357
8116,18929
8117,21536
8118,1704
8119,11213
8120,18386
8122,13532
8123,22255
8124,13988
8125,7062
8127,16495
8128,9749
8131,8598
8133,13452
8135,7182
8137,16678
8138,18634
8139,4742
8140,16521
8141,21373
8142,17427
8143,17689
8144,3085
8145,16179
8146,27018
8147,23496
8148,9447
8149,18700
8150,19430
8152,20590
8153,21488
8155,10999
8156,23255
8158,18930
8159,28779
8160,11276
8161,5005
8162,17845
8164,21271
8165,20283
8166,21455
8168,27551
8169,22523
8170,24475
8171,12793
8172,15410
8173,13519
8174,11252
8175,14767
8176,19892
8178,21225
8180,19314
8182,13921
8183,7919
8184,24710
8185,21439
8186,21432
8188,16469
8189,19167
8191,11257
8193,16506
8194,15153
8196,19861
8197,4456
8198,9745
8200,15047
8201,22624
8202,25218
8203,19411
8204,16944
8205,20932
8206,11372
8210,29806
8212,15938
8213,15298
8215,9867
8216,28992
8217,21371
8224,929
8225,14856
8226,15638
8227,11445
8230,13919
8231,11869
8232,17198
8233,17651
8234,18244
8235,6441
8236,1063
8238,17655
8239,21849
8240,1282
8241,17372
8242,21580
8243,396
8244,20938
8246,16489
8247,20087
8248,29999
8250,20346
8251,28119
8254,12336
8255,22052
8257,18599
8258,19229
8259,9421
8260,19764
8261,22537
8262,28240
8263,24783
8268,20154
8269,21363
8270,16490
8271,24063
8272,6439
8273,21345
8274,11338
8275,21168
8278,14728
8279,17756
8280,9721
8281,27771
8282,9531
8285,26652
8287,9012
8288,6394
8289,16107
8290,22397
8292,22062
8296,3065
8297,6437
8298,22550
8299,26771
8301,15427
8302,11371
8303,26814
8305,3347
8306,11982
8307,17730
8308,6390
8310,9591
8311,18342
8313,26651
8315,13246
8317,13929
8320,17364
8323,22022
8324,22927
8325,20324
8326,6698
8327,9529
8328,9737
8329,28081
8332,9816
8333,11342
8334,28955
8336,18736
8337,21151
8338,11662
8339,19611
8340,17819
8341,13541
8342,10249
8343,15901
8344,6915
8346,12876
8349,17406
8350,28774
8351,14415
8353,25456
8354,16003
8355,17959
8357,16562
8358,16305
8359,18428
8360,1033
8361,20373
8364,16207
8365,20431
8366,27985
8368,19976
8369,26570
8371,11101
8373,22152
8374,17970
8375,19224
8376,12852
8377,16323
8378,18946
8380,13178
8381,16228
8382,14729
8383,28074
8384,20552
8386,18922
8389,22404
8390,16344
8391,15469
8392,14048
8393,19708
8395,17332
8396,29648
8397,10837
8398,17828
8399,11660
8400,12528
8401,30447
8403,10818
8404,27697
8405,18017
8406,13325
8409,5985
8410,11352
8411,21888
8413,19225
8414,23407
8416,22388
8417,20978
8418,20941
8419,21979
8420,9059
8421,3937
8423,13560
8425,19064
8426,27979
8429,22246
8430,5800
8431,4784
8432,16820
8434,9659
8435,14303
8437,9717
8440,16839
8441,16001
8442,12479
8443,20472
8444,19556
8447,8532
8448,18021
8449,17544
8451,14923
8454,7229
8455,19928
8456,26753
8457,22503
8459,955
8460,13726
8462,14887
8463,21510
8465,15851
8466,8903
8467,16097
8468,11222
8469,22344
8470,8214
8471,13675
8473,14963
8474,14353
8475,9250
8478,16682
8479,15660
8480,20028
8484,20147
8486,11098
8488,12791
8490,30272
8493,17248
8494,18904
8495,19647
8496,18578
8497,18645
8498,16052
8499,21468
8500,22406
8502,10088
8503,22446
8505,20791
8508,16099
8509,18091
8510,24694
8511,16347
8512,9043
8513,19417
8515,20766
8518,20959
8519,17326
8520,24201
8521,26692
8522,19624
8523,20374
8524,22552
8525,12369
8526,11568
8528,6658
8529,27379
8530,20676
8531,18129
8532,9957
8533,20607
8534,14141
8537,20912
8538,21145
8539,3515
8540,15569
8541,15301
8542,24681
8544,15323
8545,12093
8546,5150
8547,28
8548,4782
8551,11242
8553,20709
8555,21996
8556,23643
8557,18255
8558,11778
8559,23476
8561,14527
8562,15881
8563,20423
8564,22599
8566,23646
8570,12712
8571,22291
8575,17004
8576,16240
8577,20883
8578,16979
8579,2273
8580,10624
8581,18825
8583,18333
8585,9419
8587,21180
8588,8381
8589,17836
8590,24967
8591,19527
8592,19814
8593,18941
8595,13573
8596,21541
8597,19865
8599,7098
8600,13966
8601,30582
8602,20039
8603,8193
8605,10841
8606,15378
8612,4394
8613,636
8615,14213
8617,22292
8618,23712
8619,11715
8620,13093
8621,19521
8624,29901
8625,12542
8627,11390
8628,19916
8629,10993
8630,14482
8632,22323
8634,10444
8635,8060
8636,30611
8637,15390
8638,13806
8640,6501
8641,3639
8642,14885
8644,17026
8645,12188
8646,19561
8647,16769
8648,19400
8649,2350
8650,14238
8651,18711
8654,19698
8655,1801
8657,20862
8659,26518
8661,23403
8662,19309
8663,5334
8664,18424
8665,21142
8667,17937
8669,18045
8671,7271
8672,10167
8674,14513
8675,10052
8676,5294
8678,8035
8679,19038
8681,17528
8682,19851
8683,7158
8684,20345
8685,18901
8686,15087
8687,11450
8688,11205
8690,19075
8691,12936
8693,15389
8695,20276
8696,20239
8697,11444
8698,1412
8700,21306
8701,27286
8702,10706
8705,17195
8706,20622
8710,10705
8711,11413
8712,8483
8713,17916
8714,15619
8715,13822
8716,12972
8717,24111
8718,20263
8720,25160
8722,5245
8723,21248
8724,20113
8725,9850
8727,13607
8729,702
8731,25676
8732,13439
8735,10269
8736,26689
8737,12478
8738,17892
8739,22343
8740,17498
8741,15341
8744,15114
8745,15258
8746,15537
8747,15212
8748,16892
8749,15739
8750,9292
8751,5635
8752,17936
8753,9756
8754,25680
8755,7206
8756,8732
8758,21321
8759,14560
8760,9757
8761,22060
8762,2537
8763,17184
8765,19251
8766,11618
8769,17482
8772,16456
8773,17934
8774,5181
8775,3578
8776,2867
8777,17423
8778,28948
8779,10702
8780,11137
8781,17760
8782,17888
8783,21803
8786,15444
8787,20085
8789,13548
8790,16632
8791,3885
8792,26519
8796,1280
8797,12053
8798,6497
8799,13576
8800,18531
8801,15785
8802,7802
8803,8304
8804,21213
8805,15576
8807,26163
8809,19109
8812,27672
8813,9734
8814,14559
8815,17921
8816,7183
8817,21976
8823,13067
8824,3053
8825,9977
8827,11895
8829,22214
8830,21453
8832,3439
8837,10208
8839,17955
8840,11202
8841,4884
8842,20441
8845,16441
8849,21799
8850,13479
8853,23988
8854,3604
8855,13360
8856,14831
8857,20601
8858,19418
8859,17640
8860,23147
8861,9873
8862,15271
8863,14535
8866,21465
8867,15710
8868,17843
8870,22380
8871,29228
8872,19046
8873,15617
8874,18664
8875,17306
8876,13620
8878,3266
8879,23316
8881,19684
8885,13173
8887,14799
8888,12849
8889,24888
8890,9181
8892,19827
8893,19240
8896,20419
8897,18352
8898,18175
8899,414
8900,15644
8902,20034
8903,5685
8904,28355
8905,10440
8906,11648
8907,10800
8908,18843
8909,19475
8910,1419
8912,19501
8915,17167
8916,16602
8917,19604
8919,13570
8920,17345
8922,8792
8923,10426
8925,8581
8927,27143
8928,14894
8929,22042
8932,4213
8933,18662
8937,17587
8938,15371
8940,16072
8942,8957
8944,4232
8945,20227
8946,26529
8947,6384
8948,2442
8949,2696
8950,16051
8951,12431
8952,27731
8953,20837
8955,21552
8956,9347
8957,20909
8958,20118
8959,15273
8960,13349
8961,15655
8963,10606
8965,13281
8966,6895
8967,9874
8971,27976
8972,21551
8973,20997
8974,17884
8975,19842
8976,15458
8977,14239
8978,21765
8979,21025
8982,20645
8983,8720
8984,8306
8985,9055
8988,14843
8989,4846
8990,1003
8991,21023
8992,19622
8993,13606
8994,20426
8996,15029
8998,16954
8999,18084
9000,13052
9001,16723
9003,17706
9004,6100
9005,14380
9006,10106
9007,17913
9008,13552
9009,7948
9010,2440
9011,3191
9016,29941
9017,13023
9018,18693
9019,11217
9020,16800
9023,25614
9024,17018
9025,28383
9026,11384
9027,17373
9028,9569
9029,8702
9030,3775
9032,27927
9033,21656
9036,14564
9037,20467
9038,16328
9040,11723
9041,16870
9042,26882
9043,16371
9044,29078
9045,14818
9046,10638
9047,11576
9048,22054
9051,18439
9054,12685
9055,8713
9056,14211
9058,21339
9059,10086
9060,12292
9061,21311
9062,20489
9064,17329
9065,16071
9067,17164
9068,18928
9069,10467
9070,6061
9071,27535
9072,14711
9074,18665
9075,19918
9076,30256
9077,18469
9079,10838
9081,20202
9082,5677
9083,20299
9085,13945
9087,13568
9088,4843
9089,18381
9091,15610
9092,27094
9093,17094
9094,14401
9095,20141
9096,22473
9097,28348
9098,12799
9099,8873
9101,9637
9102,9935
9103,23221
9104,20445
9106,6649
9107,28910
9108,19871
9109,16242
9110,20360
9112,20241
9113,2223
9114,21772
9115,15941
9116,18401
9118,18011
9119,12400
9120,9696
9121,8796
9122,21850
9123,9808
9124,20422
9125,5518
9127,21485
9128,28524
9129,24918
9130,15997
9131,20802
9132,29684
9135,16123
9136,13286
9137,11615
9138,23415
9139,16513
9140,1995
9141,10
9142,29892
9144,2172
9146,20605
9147,5971
9148,23414
9149,21620
9152,15574
9154,23136
9157,14237
9161,24565
9162,13464
9164,19642
9165,16623
9166,21508
9168,3868
9169,21648
9170,20105
9171,5603
9173,16133
9174,25956
9175,19586
9176,13265
9178,9217
9179,26773
9180,14773
9181,17704
9182,15978
9184,15205
9185,29121
9186,19697
9187,17352
9188,17720
9189,12156
9190,17093
9191,19061
9192,22360
9193,12359
9195,21001
9198,15350
9200,10831
9203,10816
9204,16040
9206,22070
9207,7880
9208,25577
9209,17882
9210,21559
9211,18360
9214,28412
9215,19555
9217,24241
9218,15943
9219,4733
9220,12157
9221,3253
9222,23626
9223,25948
9225,4155
9226,14578
9227,19623
9228,14169
9230,18996
9231,19334
9232,19436
9233,16049
9234,12725
9235,6396
9236,17139
9237,14361
9238,18378
9239,29298
9240,3492
9241,17059
9242,9079
9243,21974
9244,3228
9245,10593
9247,16366
9248,10602
9251,13902
9252,22568
9253,15639
9255,21838
9256,14334
9257,11849
9258,4647
9259,1582
9260,23382
9261,4084
9262,18305
9263,17996
9264,25225
9266,6098
9268,3910
9269,30509
9270,13847
9271,19645
9273,17277
9274,20741
9277,29385
9278,20578
9279,12881
9281,9584
9282,28762
9283,1140
9284,11690
9285,10636
9286,20663
9287,14382
9289,15139
9290,12095
9291,20835
9292,18559
9293,15661
9294,18079
9295,15441
9296,17646
9297,12436
9298,5205
9299,20823
9300,11530
9301,24998
9303,28078
9304,22319
9305,16517
9306,16055
9307,13913
9309,1953
9311,12942
9312,13388
9313,8178
9314,4472
9315,21983
9316,15168
9317,13508
9318,17321
9319,3853
9320,21980
9321,14780
9323,14794
9325,17165
9329,12543
9330,4220
9332,11380
9334,18550
9335,18894
9336,19802
9337,7003
9338,12000
9339,21619
9340,21038
9341,21603
9342,924
9345,11305
9346,29143
9347,19582
9348,9416
9349,21297
9350,19602
9351,17162
9352,27139
9354,15346
9355,16600
9356,30564
9357,5428
9358,10688
9359,20604
9360,15604
9361,11439
9362,20510
9363,24995
9364,16798
9365,30401
9366,10621
9367,28076
9369,19728
9370,18592
9371,8777
9372,4683
9374,13536
9375,6650
9376,15327
9377,13158
9379,19365
9380,13257
9381,21572
9382,22306
9384,21632
9385,23938
9388,12213
9389,22478
9391,9130
9392,6878
9393,5134
9394,29595
9396,16050
9397,13239
9399,14059
9402,13316
9405,20890
9406,1951
9407,18044
9408,12057
9409,25100
9410,28309
9413,20102
9414,19816
9415,9729
9416,14864
9417,20488
9418,22440
9419,17881
9420,24757
9421,2481
9422,21080
9423,232
9424,7084
9425,21793
9426,14707
9427,10595
9428,17994
9429,6936
9430,20443
9432,28331
9433,19026
9434,21520
9437,21020
9438,16717
9439,15150
9441,7019
9442,25718
9445,21505
9446,26231
9447,587
9449,1893
9450,15607
9451,22491
9452,21332
9453,12734
9454,7730
9455,30485
9456,4085
9457,28404
9461,18819
9462,29431
9463,8752
9464,5851
9465,16336
9466,20660
9467,22436
9468,22118
9469,20203
9471,20984
9472,11002
9473,24940
9474,27346
9475,16961
9476,3818
9477,19094
9478,4802
9480,1544
9481,30125
9482,17284
9483,2119
9484,11447
9485,19500
9488,20369
9489,19262
9491,26423
9492,11009
9493,11299
9494,4805
9495,11237
9496,25625
9498,20944
9499,10101
9501,18227
9503,20945
9506,16
9507,10488
9508,12426
9509,10977
9510,15377
9512,27659
9513,15024
9514,7568
9517,18239
9518,12847
9519,21782
9520,1358
9523,19713
9524,15098
9525,20699
9526,11545
9527,27058
9528,7367
9531,18043
9533,8232
9534,9544
9535,21773
9536,13087
9540,14824
9541,27464
9543,29931
9544,10104
9547,22172
9550,21490
9551,24558
9552,4275
9554,15082
9556,16116
9557,13556
9559,14271
9560,18008
9561,6194
9562,13467
9563,14436
9564,20414
9565,11298
9566,22326
9567,21489
9569,10675
9570,29109
9571,9906
9572,16008
9574,28542
9575,17708
9578,21912
9579,20311
9581,16235
9582,443
9583,20546
9585,16958
9586,25437
9589,18770
9590,12511
9591,22514
9592,16776
9594,14112
9595,11058
9596,608
9597,11008
9598,260
9599,29546
9600,25802
9601,20965
9602,3562
9604,17479
9605,16214
9606,18038
9608,1885
9609,22387
9610,15567
9612,11010
9614,12980
9616,18618
9617,20882
9618,19278
9620,20847
9621,12959
9622,17853
9623,29178
9625,26533
9627,24067
9629,8686
9630,16436
9631,17218
9632,26281
9633,20620
9637,14409
9638,19186
9639,27650
9640,6599
9641,20366
9642,21280
9643,9377
9644,13940
9645,11838
9646,6232
9647,14838
9648,8308
9650,27593
9651,17721
9653,12074
9655,18109
9656,18416
9657,25620
9658,15411
9660,7945
9664,15412
9665,15945
9666,441
9667,15472
9668,11782
9669,6091
9670,20923
9672,22251
9673,20648
9674,30596
9675,19869
9676,22003
9677,30443
9678,22037
9682,15135
9683,26761
9684,20943
9685,23117
9687,26788
9688,16154
9689,15817
9690,22317
9692,11168
9693,11248
9694,75
9695,16810
9697,28920
9698,9485
9699,21587
9701,19473
9702,21586
9703,15608
9704,18860
9707,19722
9709,12963
9710,13965
9711,21443
9712,15239
9713,22337
9714,19824
9716,27797
9718,14385
9719,19427
9720,14460
9721,22073
9722,19710
9723,17144
9724,13608
9725,18555
9726,18281
9727,19490
9728,10984
9729,18725
9730,17531
9731,7010
9732,4812
9733,13315
9734,21084
9735,21660
9737,19841
9741,21528
9743,13663
9745,19135
9746,15833
9748,13774
9752,21049
9753,21714
9754,10236
9755,19318
9756,20497
9759,19303
9760,8357
9761,7334
9762,22173
9763,18857
9764,4748
9765,14579
9766,21902
9768,26697
9770,27056
9772,12920
9773,7925
9774,26272
9775,9033
9776,14825
9777,18970
9778,10858
9779,19078
9781,10575
9783,25831
9784,15266
9785,10073
9786,11540
9788,20828
9789,15329
9790,9751
9791,11967
9792,9789
9793,7745
9794,11964
9795,21549
9796,6584
9797,20721
9798,583
9799,18546
9800,11215
9801,27323
9803,19666
9804,13020
9806,18940
9807,17832
9808,16811
9810,11468
9811,20659
9812,14694
9813,20979
9814,2931
9815,10225
9816,21570
9817,19236
9818,10442
9820,22338
9822,12701
9823,22197
9824,10599
9826,8571
9828,13572
9829,12535
9830,2400
9833,13886
9834,18315
9835,22195
9837,10813
9839,23114
9841,2926
9842,11575
9843,22442
9845,15756
9846,23845
9847,15128
9848,26479
9850,17126
9851,29206
9852,22223
9853,20258
9854,12518
9855,19979
9856,11561
9858,16651
9860,26270
9861,4858
9862,18019
9863,10070
9864,3753
9865,10903
9866,17850
9868,29635
9869,7536
9870,1098
9872,15668
9873,17524
9874,13842
9875,20464
9877,16864
9878,20474
9882,16696
9883,16452
9884,10950
9885,12952
9887,28418
9888,21330
9890,10659
9894,26474
9895,26839
9896,27316
9900,21876
9901,11376
9903,15072
9904,16746
9905,22137
9912,11570
9914,20173
9915,11063
9916,21113
9917,13300
9919,22391
9920,26501
9922,12483
9923,17458
9924,22090
9925,24937
9927,20216
9928,17170
9929,16973
9930,8856
9931,11356
9932,18519
9934,29758
9935,18357
9938,11165
9939,15180
9940,21111
9941,9517
9943,3107
9944,22536
9945,15073
9946,12770
9947,22226
9948,20043
9950,28547
9951,12533
9953,22091
9954,26459
9957,12815
9958,12475
9959,14190
9960,21254
9963,24867
9965,9516
9966,19487
9967,6380
9969,20128
9970,13873
9971,15363
9972,18613
9973,25245
9974,20077
9975,12043
9977,541
9978,20719
9979,15049
9980,27460
9981,13639
9982,4966
9984,21875
9985,16231
9987,30369
9988,21610
9989,7739
9990,24157
9991,19142
9992,19112
9993,21035
9994,20689
9996,29197
9997,19795
9998,20642
9999,24203
10002,16136
10003,13250
10004,21266
10005,14204
10006,22944
10007,16461
10008,21017
10009,11425
10012,20777
10013,13871
10014,19356
10015,25604
10016,30118
10017,20565
10018,21625
10019,30317
10020,12666
10022,16153
10024,2360
10026,19226
10027,29837
10028,21597
10031,29852
10032,11513
10033,27467
10034,7459
10036,26580
10037,4026
10039,19295
10041,30353
10042,22066
10043,14181
10044,29975
10045,17925
10046,6118
10047,17943
10049,15506
10050,10031
10051,18455
10053,15672
10056,18383
10057,10486
10059,5425
10060,13468
10062,7790
10064,3134
10066,20365
10067,26154
10068,17848
10069,14160
10070,19877
10071,23037
10072,12480
10073,19253
10074,11877
10075,20528
10078,29929
10080,29257
10081,11375
10082,19729
10083,28126
10086,25709
10087,20527
10089,16472
10092,17132
10093,20225
10094,21975
10095,28641
10097,22476
10098,17414
10099,14130
10103,18268
10104,19129
10106,19557
10107,12220
10108,13285
10110,15615
10111,28045
10114,30570
10115,22525
10116,21448
10117,5373
10119,18097
10121,5127
10122,20983
10126,21965
10128,17713
10129,17631
10131,27634
10134,21126
10135,14763
10136,21314
10137,12853
10139,7028
10142,25095
10143,8872
10144,19426
10145,8454
10146,12538
10147,19333
10148,11354
10149,21492
10150,18462
10151,18849
10152,14547
10159,13811
10162,20029
10163,15622
10164,10875
10165,3748
10166,6333
10168,20155
10170,18143
10171,30390
10172,12783
10173,15996
10175,13105
10176,11573
10177,27536
10180,19336
10182,6083
10184,6084
10185,19082
10187,17875
10189,14143
10190,7803
10192,21624
10194,11708
10195,21117
10196,12691
10197,9747
10198,12513
10201,6999
10203,10576
10204,1376
10206,24620
10207,29311
10208,17555
10209,3445
10212,16112
10214,13171
10217,9903
10219,18413
10221,14989
10222,12490
10223,11516
10224,2103
10227,17762
10230,14950
10232,14859
10233,12765
10234,13038
10235,22206
10237,3309
10238,18600
10239,21335
10240,17548
10241,19573
10242,15802
10244,5257
10245,24896
10246,14055
10247,19867
10248,18098
10249,8574
10250,6862
10251,17831
10254,13632
10257,24372
10260,13938
10261,10058
10262,18116
10263,16609
10267,19301
10268,21130
10270,16497
10271,1856
10272,10066
10273,10948
10274,29966
10276,21947
10277,6581
10278,1160
10279,29445
10280,17860
10281,17134
10282,5720
10283,19359
10289,21917
10290,19691
10291,18518
10292,13923
10294,3280
10295,11808
10296,19598
10297,21174
10300,7307
10301,11362
10302,16591
10303,13939
10304,19654
10307,6856
10308,21832
10309,17378
10312,25094
10313,21794
10314,20210
10315,22069
10316,6191
10317,7031
10321,16047
10325,10230
10326,12742
10329,13472
10330,21502
10331,28737
10332,20748
10334,20845
10338,19938
10340,11007
10342,29172
10343,14860
10344,20063
10350,18063
10351,11809
10352,12731
10354,21623
10355,27810
10356,30012
10358,19709
10360,22407
10361,19690
10362,4538
10364,26923
10369,5837
10371,11506
10372,10612
10373,22135
10374,27387
10377,9433
10378,5882
10379,25568
10380,13961
10381,6058
10382,20161
10383,10735
10385,22142
10386,20062
10387,8194
10388,10258
10389,22410
10390,21217
10391,20457
10392,20801
10396,19906
10398,13418
10399,17630
10401,11423
10403,13815
10404,3075
10405,10809
10406,21798
10407,16144
10408,25698
10410,15196
10411,14490
10412,7792
10413,15568
10414,17545
10415,8160
10416,1921
10419,19894
10420,7471
10421,14124
10423,16580
10425,15107
10426,18495
10427,12516
10428,14442
10429,17216
10430,6452
10432,4298
10434,11984
10435,15016
10436,12949
10437,20081
10438,11911
10439,14872
10440,2298
10441,17288
10443,18411
10444,19570
10445,11355
10447,25086
10449,26476
10451,12857
10452,28633
10453,13654
10455,22098
10456,21491
10458,3003
10461,12462
10463,3757
10464,14693
10465,20160
10467,18924
10468,14126
10469,10484
10470,17031
10471,21070
10472,14132
10473,21925
10474,12233
10475,29403
10478,10901
10480,29275
10481,15680
10482,4102
10483,17610
10484,15774
10485,18436
10486,57
10487,21732
10488,8916
10489,19484
10492,4344
10493,19131
10494,7677
10495,19364
10498,13041
10499,15154
10500,20752
10502,16843
10503,14445
10504,21953
10505,10059
10508,15091
10509,20382
10511,21503
10513,11991
10515,7467
10516,20706
10517,20164
10518,22011
10519,20201
10520,20440
10523,19656
10525,29777
10527,20306
10529,21651
10530,9892
10531,22489
10536,17715
10538,17861
10539,9039
10544,16924
10546,10601
10547,468
10548,18312
10549,22063
10550,20841
10552,20289
10553,27048
10555,19180
10556,21718
10557,13362
10558,10032
10559,11862
10560,14837
10561,18273
10562,7984
10563,3279
10564,11762
10566,13251
10568,5898
10570,1723
10571,21964
10574,19273
10575,22723
10577,17758
10578,13962
10580,17226
10582,20255
10584,29163
10585,13622
10587,21628
10588,20301
10589,3443
10591,16923
10594,17529
10595,3571
10596,18909
10597,21328
10598,17461
10599,29932
10600,17155
10603,17885
10604,19179
10606,22247
10609,18911
10610,20354
10611,7365
10612,21513
10613,13991
10614,13631
10617,8921
10618,10899
10619,5225
10620,26897
10621,27637
10622,20482
10623,12083
10624,20811
10626,8890
10627,15836
10628,19053
10629,21472
10630,21734
10632,8295
10633,7481
10634,1291
10636,15438
10637,17589
10638,27842
10640,12264
10641,3047
10642,10181
10643,12740
10644,13241
10646,29161
10647,25567
10648,20274
10649,17596
10651,21869
10652,20870
10653,12947
10654,17553
10655,6524
10659,16180
10660,18610
10662,20252
10663,20267
10664,28242
10665,10356
10667,17478
10668,3712
10669,21370
10671,20394
10672,7290
10674,18432
10676,21073
10677,22466
10678,19733
10679,19689
10680,5564
10681,15749
10682,19227
10683,11562
10684,27522
10686,16045
10687,18041
10689,15085
10690,9403
10691,21081
10695,18557
10696,19049
10697,18584
10698,30269
10699,19665
10701,17547
10702,15928
10703,18054
10704,29305
10705,20439
10706,18517
10707,2571
10708,27023
10709,14537
10711,14523
10713,18249
10715,17518
10716,19316
10717,16925
10718,18247
10720,11605
10721,3609
10722,28533
10723,11053
10724,8566
10727,29406
10728,17413
10729,134
10731,14389
10732,3597
10733,8601
10734,3675
10735,19388
10737,19734
10738,21479
10739,8349
10740,23721
10741,7066
10743,18721
10744,13045
10746,26237
10750,1552
10751,28347
10752,21149
10753,18575
10754,13660
10755,13812
10757,24530
10758,18745
10759,14131
10760,9811
10761,26022
10763,18499
10764,8347
10765,17204
10766,15046
10768,30088
10770,17505
10771,8297
10772,21214
10773,16788
10774,19807
10775,331
10777,30110
10779,21523
10780,12916
10785,12803
10788,20609
10789,19820
10790,1371
10791,17487
10792,20328
10793,19705
10794,8722
10796,26499
10797,20134
10798,20484
10799,7525
10800,19581
10801,18359
10802,22345
10803,19137
10804,16762
10806,13179
10807,14498
10808,21778
10809,16374
10810,18534
10811,26470
10812,2673
10813,21460
10814,8879
10815,14788
10816,18910
10817,15690
10819,17849
10821,11560
10822,23860
10823,17747
10824,15679
10825,16711
10826,14328
10827,5012
10828,5582
10829,21
10830,16823
10831,7265
10833,20159
10836,20963
10837,6554
10840,7488
10842,19116
10843,21516
10844,12223
10845,18577
10847,19798
10848,20512
10849,28865
10850,19821
10851,13014
10853,9359
10854,18847
10855,19706
10856,20813
10858,16875
10862,22270
10864,23035
10869,14533
10870,8613
10873,36
10875,10857
10877,2549
10878,6562
10879,30
10880,30057
10882,6815
10883,19271
10885,26467
10887,15328
10888,27624
10890,14969
10891,14248
10893,4321
10894,15481
10895,12218
10896,22231
10898,11403
10899,19870
10901,10855
10902,11807
10904,1080
10905,7502
10906,17282
10909,19785
10910,50
10911,132
10912,10128
10913,22154
10915,17685
10916,18034
10917,16967
10918,13015
10919,16653
10920,22235
10921,28140
10922,11783
10927,29022
10928,9058
10930,14611
10931,25196
10933,12617
10934,23282
10935,9838
10936,20884
10940,20226
10941,21296
10942,16035
10944,11766
10945,17592
10949,11210
10951,4063
10952,21304
10953,20843
10954,14810
10955,29159
10956,4100
10957,22486
10959,22666
10963,1817
10965,20793
10966,13956
10970,14685
10972,17929
10973,14066
10975,22347
10976,17219
10979,21429
10980,11589
10981,28747
10983,21924
10986,12521
10987,20996
10990,19754
10991,22966
10993,4467
10994,11005
10996,18880
10998,5192
11000,18562
11003,3273
11004,9439
11005,17570
11006,8961
11007,12216
11008,22053
11009,22210
11010,17476
11011,13840
11015,18224
11017,12109
11018,14149
11019,9540
11020,20746
11021,11908
11024,9186
11025,3275
11026,20205
11028,4484
11030,13342
11031,17627
11033,12732
11035,19482
11036,15021
11038,9206
11039,27117
11041,14747
11042,15026
11043,12261
11044,5485
11045,7782
11046,16524
11048,21923
11049,20788
11051,16395
11053,19812
11055,6792
11057,20643
11059,17821
11060,4790
11061,14967
11062,18348
11065,931
11066,11436
11067,22245
11068,18573
11069,1026
11070,6402
11072,21820
11073,8425
11074,14582
11075,17416
11077,21190
11078,8617
11079,27623
11080,23859
11081,27436
11082,27435
11085,13011
11086,21198
11088,20744
11089,2038
11090,8521
11091,21652
11092,27444
11093,18900
11094,13253
11095,12738
11096,13039
11098,10396
11099,18205
11100,22401
11101,9511
11102,17989
11103,13731
11104,20136
11105,6529
11106,18463
11107,21144
11108,26878
11109,21096
11110,15760
11111,11431
11112,16888
11116,21752
11118,22422
11119,21228
11120,16518
11122,11817
11124,5577
11127,20910
11129,18949
11130,17552
11131,16012
11132,30207
11133,25206
11134,17131
11135,14206
11138,24585
11140,8701
11141,11953
11143,12100
11144,21722
11146,20254
11147,17863
11148,5715
11149,15857
11150,13254
11151,18013
11152,2131
11153,22505
11154,28252
11155,534
11156,7259
11157,23832
11158,20326
11159,17519
11160,21127
11161,1912
11163,10280
11165,3044
11167,26262
11168,20477
11169,19829
11170,13920
11171,26286
11174,21730
11176,18810
11177,21700
11178,13646
11179,15340
11180,28554
11181,18767
11183,30027
11184,9572
11185,17607
11186,28843
11189,23510
11190,14947
11191,20868
11192,26321
11194,8877
11195,20238
11196,30515
11200,22434
11201,15342
11202,21317
11203,7737
11204,13928
11205,15058
11206,18302
11207,20377
11209,12904
11210,20593
11211,15588
11212,21021
11213,21115
11214,17202
11215,26261
11219,27870
11224,3744
11225,20410
11226,14115
11227,17217
11228,8583
11229,25175
11230,20158
11232,26754
11233,11566
11234,18580
11235,25566
11236,19653
11237,14054
11238,5535
11239,12240
11241,16479
11242,17436
11244,17539
11245,13904
11247,18632
11248,26284
11250,16432
11252,22324
11253,18509
11254,19498
11256,16096
11260,14186
11262,21278
11263,10226
11267,10806
11268,9356
11270,17256
11272,12821
11273,19203
11275,11858
11276,9542
11277,16362
11280,9252
11282,14081
11283,20329
11284,13458
11285,11668
11287,13610
11290,12422
11293,24096
11296,18055
11298,18206
11299,17716
11300,19384
11301,10456
11302,8577
11303,18225
11304,6134
11305,8423
11306,16592
11308,23778
11314,6461
11316,16372
11317,21187
11318,5229
11319,29002
11323,14145
11324,23507
11325,20388
11326,14162
11327,19910
11328,14010
11329,18444
11330,4479
11331,14006
11332,22027
